year,event,experiment,intensity
1850,heat,historical,0.0026358678
1851,heat,historical,0.0029905343
1852,heat,historical,0.003367764
1853,heat,historical,0.0030614194
1854,heat,historical,0.0027476961
1855,heat,historical,0.0025521424
1856,heat,historical,0.0026525324
1857,heat,historical,0.0031746593
1858,heat,historical,0.0032811796
1859,heat,historical,0.0028091576
1860,heat,historical,0.0022364305
1861,heat,historical,0.0026192588
1862,heat,historical,0.0033344207
1863,heat,historical,0.0030289222
1864,heat,historical,0.002307285
1865,heat,historical,0.0023528426
1866,heat,historical,0.0027248326
1867,heat,historical,0.0030422679
1868,heat,historical,0.003111516
1869,heat,historical,0.0026322086
1870,heat,historical,0.0024620292
1871,heat,historical,0.002784732
1872,heat,historical,0.0037103323
1873,heat,historical,0.0028155616
1874,heat,historical,0.0020301864
1875,heat,historical,0.002694663
1876,heat,historical,0.0034849467
1877,heat,historical,0.0025190392
1878,heat,historical,0.0020231805
1879,heat,historical,0.0022292596
1880,heat,historical,0.0032294607
1881,heat,historical,0.0035526135
1882,heat,historical,0.0026974503
1883,heat,historical,0.002420051
1884,heat,historical,0.0018292711
1885,heat,historical,0.0025260937
1886,heat,historical,0.0032883857
1887,heat,historical,0.0027156477
1888,heat,historical,0.0021812038
1889,heat,historical,0.0024693704
1890,heat,historical,0.0031323202
1891,heat,historical,0.003207687
1892,heat,historical,0.0030788565
1893,heat,historical,0.0025456254
1894,heat,historical,0.0027563695
1895,heat,historical,0.0035775208
1896,heat,historical,0.0029317634
1897,heat,historical,0.0025331252
1898,heat,historical,0.002844686
1899,heat,historical,0.0030603923
1900,heat,historical,0.0029651748
1901,heat,historical,0.002866645
1902,heat,historical,0.003017244
1903,heat,historical,0.0023122914
1904,heat,historical,0.0022892116
1905,heat,historical,0.0024407594
1906,heat,historical,0.0026517357
1907,heat,historical,0.002688891
1908,heat,historical,0.0026093335
1909,heat,historical,0.0031199732
1910,heat,historical,0.0027503162
1911,heat,historical,0.0026393423
1912,heat,historical,0.0025129907
1913,heat,historical,0.0028141893
1914,heat,historical,0.0026745263
1915,heat,historical,0.0024649175
1916,heat,historical,0.0027825595
1917,heat,historical,0.0026147347
1918,heat,historical,0.002871002
1919,heat,historical,0.003252181
1920,heat,historical,0.0030382427
1921,heat,historical,0.0025018635
1922,heat,historical,0.0023047982
1923,heat,historical,0.0034171646
1924,heat,historical,0.0028114018
1925,heat,historical,0.00252685
1926,heat,historical,0.0029097782
1927,heat,historical,0.0037149594
1928,heat,historical,0.0026673812
1929,heat,historical,0.0021872919
1930,heat,historical,0.0027768777
1931,heat,historical,0.0032537365
1932,heat,historical,0.0031361543
1933,heat,historical,0.0027823816
1934,heat,historical,0.0028138892
1935,heat,historical,0.0031782757
1936,heat,historical,0.0030577783
1937,heat,historical,0.0023813248
1938,heat,historical,0.0031936683
1939,heat,historical,0.0039033566
1940,heat,historical,0.002811483
1941,heat,historical,0.0026097824
1942,heat,historical,0.002496502
1943,heat,historical,0.0025842478
1944,heat,historical,0.003041084
1945,heat,historical,0.0027776218
1946,heat,historical,0.002876678
1947,heat,historical,0.0037147417
1948,heat,historical,0.002791005
1949,heat,historical,0.002453903
1950,heat,historical,0.002708777
1951,heat,historical,0.0035099313
1952,heat,historical,0.0034738944
1953,heat,historical,0.002487092
1954,heat,historical,0.0028735278
1955,heat,historical,0.003093936
1956,heat,historical,0.003323276
1957,heat,historical,0.0033347236
1958,heat,historical,0.003487212
1959,heat,historical,0.0027794344
1960,heat,historical,0.003232495
1961,heat,historical,0.0033904493
1962,heat,historical,0.002767807
1963,heat,historical,0.002245382
1964,heat,historical,0.0028120205
1965,heat,historical,0.0032902241
1966,heat,historical,0.0022099733
1967,heat,historical,0.0023590531
1968,heat,historical,0.0034682762
1969,heat,historical,0.0036085022
1970,heat,historical,0.0028355916
1971,heat,historical,0.0022783221
1972,heat,historical,0.0023484274
1973,heat,historical,0.0029625355
1974,heat,historical,0.0028886336
1975,heat,historical,0.0025965774
1976,heat,historical,0.0027240715
1977,heat,historical,0.0033336452
1978,heat,historical,0.0027390972
1979,heat,historical,0.0027791152
1980,heat,historical,0.0032174776
1981,heat,historical,0.0031862361
1982,heat,historical,0.002527568
1983,heat,historical,0.002160244
1984,heat,historical,0.002685994
1985,heat,historical,0.003365024
1986,heat,historical,0.0025613979
1987,heat,historical,0.0027488896
1988,heat,historical,0.0035245419
1989,heat,historical,0.0034866375
1990,heat,historical,0.0029825391
1991,heat,historical,0.0024980821
1992,heat,historical,0.0023738884
1993,heat,historical,0.0031138756
1994,heat,historical,0.0035487087
1995,heat,historical,0.0028431963
1996,heat,historical,0.0028707348
1997,heat,historical,0.0044018403
1998,heat,historical,0.003868671
1999,heat,historical,0.0028575105
2000,heat,historical,0.0029830267
2001,heat,historical,0.004001646
2002,heat,historical,0.0046528596
2003,heat,historical,0.0029443905
2004,heat,historical,0.0027667263
2005,heat,historical,0.0029781545
2006,heat,historical,0.0040739817
2007,heat,historical,0.0036829964
2008,heat,historical,0.0039820382
2009,heat,historical,0.0041263346
2010,heat,historical,0.004050362
2011,heat,historical,0.0037828784
2012,heat,historical,0.0031259118
2013,heat,historical,0.0038671927
2014,heat,historical,0.0040864106
1850,precip,historical,0.0012359442
1851,precip,historical,0.001234733
1852,precip,historical,0.0013003062
1853,precip,historical,0.0013418151
1854,precip,historical,0.0011784813
1855,precip,historical,0.001184764
1856,precip,historical,0.0012870547
1857,precip,historical,0.0013567595
1858,precip,historical,0.0013141985
1859,precip,historical,0.0012626773
1860,precip,historical,0.0010546754
1861,precip,historical,0.001205402
1862,precip,historical,0.0014473725
1863,precip,historical,0.0012222511
1864,precip,historical,0.0010583943
1865,precip,historical,0.0011479538
1866,precip,historical,0.0012342334
1867,precip,historical,0.0013843183
1868,precip,historical,0.0013741829
1869,precip,historical,0.0011378858
1870,precip,historical,0.0011598773
1871,precip,historical,0.0013288595
1872,precip,historical,0.0013923763
1873,precip,historical,0.0011686877
1874,precip,historical,0.0010415189
1875,precip,historical,0.0013131833
1876,precip,historical,0.0013833764
1877,precip,historical,0.0011462538
1878,precip,historical,0.0009832314
1879,precip,historical,0.0012679815
1880,precip,historical,0.0014100968
1881,precip,historical,0.0012871404
1882,precip,historical,0.0012731948
1883,precip,historical,0.0011258365
1884,precip,historical,0.0010948228
1885,precip,historical,0.0014559202
1886,precip,historical,0.0013637955
1887,precip,historical,0.0011721698
1888,precip,historical,0.0011307677
1889,precip,historical,0.0011507403
1890,precip,historical,0.0013772461
1891,precip,historical,0.001374978
1892,precip,historical,0.0013688494
1893,precip,historical,0.0011179189
1894,precip,historical,0.001205686
1895,precip,historical,0.0014902548
1896,precip,historical,0.0012273501
1897,precip,historical,0.0012044557
1898,precip,historical,0.0012901186
1899,precip,historical,0.0014265169
1900,precip,historical,0.0013685444
1901,precip,historical,0.0012569365
1902,precip,historical,0.0013607378
1903,precip,historical,0.0011739699
1904,precip,historical,0.0010750368
1905,precip,historical,0.0011372011
1906,precip,historical,0.0013422637
1907,precip,historical,0.0012227594
1908,precip,historical,0.0012866849
1909,precip,historical,0.0014306101
1910,precip,historical,0.0012788565
1911,precip,historical,0.0012491865
1912,precip,historical,0.0013205481
1913,precip,historical,0.0013469035
1914,precip,historical,0.001376456
1915,precip,historical,0.001135491
1916,precip,historical,0.0012018431
1917,precip,historical,0.0012823286
1918,precip,historical,0.0013501054
1919,precip,historical,0.0013685242
1920,precip,historical,0.0012343201
1921,precip,historical,0.0011467831
1922,precip,historical,0.0012550974
1923,precip,historical,0.0015215146
1924,precip,historical,0.00119903
1925,precip,historical,0.0011514821
1926,precip,historical,0.0013316228
1927,precip,historical,0.0014364696
1928,precip,historical,0.0011735847
1929,precip,historical,0.0011025211
1930,precip,historical,0.0012703326
1931,precip,historical,0.0013500272
1932,precip,historical,0.0013625801
1933,precip,historical,0.0011318846
1934,precip,historical,0.0013190899
1935,precip,historical,0.0014033712
1936,precip,historical,0.0013258504
1937,precip,historical,0.0011970806
1938,precip,historical,0.001351338
1939,precip,historical,0.001372056
1940,precip,historical,0.0012256803
1941,precip,historical,0.0012002075
1942,precip,historical,0.0012444735
1943,precip,historical,0.0012467003
1944,precip,historical,0.0012968658
1945,precip,historical,0.0012478523
1946,precip,historical,0.0013848116
1947,precip,historical,0.001477977
1948,precip,historical,0.0011808756
1949,precip,historical,0.0011222877
1950,precip,historical,0.0012181691
1951,precip,historical,0.0014783877
1952,precip,historical,0.0013501659
1953,precip,historical,0.0011977772
1954,precip,historical,0.0012229412
1955,precip,historical,0.0013616877
1956,precip,historical,0.001322672
1957,precip,historical,0.0013845535
1958,precip,historical,0.0012439878
1959,precip,historical,0.0012757599
1960,precip,historical,0.0014357414
1961,precip,historical,0.0013208919
1962,precip,historical,0.0011355338
1963,precip,historical,0.0011401313
1964,precip,historical,0.0012828335
1965,precip,historical,0.0014707091
1966,precip,historical,0.0011349581
1967,precip,historical,0.0011859605
1968,precip,historical,0.0014242363
1969,precip,historical,0.0014083518
1970,precip,historical,0.0011741766
1971,precip,historical,0.0011186908
1972,precip,historical,0.001365542
1973,precip,historical,0.0013752016
1974,precip,historical,0.0012200644
1975,precip,historical,0.0012136267
1976,precip,historical,0.0013289474
1977,precip,historical,0.0013713952
1978,precip,historical,0.0012087063
1979,precip,historical,0.0011607347
1980,precip,historical,0.0014666184
1981,precip,historical,0.001311423
1982,precip,historical,0.0010878645
1983,precip,historical,0.0011416151
1984,precip,historical,0.0012827464
1985,precip,historical,0.0013756093
1986,precip,historical,0.0011949998
1987,precip,historical,0.001259419
1988,precip,historical,0.0014022618
1989,precip,historical,0.001298837
1990,precip,historical,0.0011843732
1991,precip,historical,0.0012345203
1992,precip,historical,0.0011581056
1993,precip,historical,0.0013867769
1994,precip,historical,0.0013659141
1995,precip,historical,0.0010733973
1996,precip,historical,0.0013087823
1997,precip,historical,0.0013764817
1998,precip,historical,0.0014067816
1999,precip,historical,0.0011508688
2000,precip,historical,0.0013074073
2001,precip,historical,0.0014914525
2002,precip,historical,0.0015400009
2003,precip,historical,0.0011207215
2004,precip,historical,0.0011631954
2005,precip,historical,0.0012870397
2006,precip,historical,0.00153615
2007,precip,historical,0.0013776988
2008,precip,historical,0.0013758524
2009,precip,historical,0.0014398743
2010,precip,historical,0.0014302781
2011,precip,historical,0.001303845
2012,precip,historical,0.0011138645
2013,precip,historical,0.0013759098
2014,precip,historical,0.0014752859
1850,drought,historical,0.5949869
1851,drought,historical,0.5960234
1852,drought,historical,0.59386927
1853,drought,historical,0.5951874
1854,drought,historical,0.59472406
1855,drought,historical,0.5947557
1856,drought,historical,0.59252334
1857,drought,historical,0.5927777
1858,drought,historical,0.5936008
1859,drought,historical,0.5956828
1860,drought,historical,0.5942438
1861,drought,historical,0.5944827
1862,drought,historical,0.5946301
1863,drought,historical,0.593343
1864,drought,historical,0.5952876
1865,drought,historical,0.5947821
1866,drought,historical,0.5940493
1867,drought,historical,0.5946254
1868,drought,historical,0.59403723
1869,drought,historical,0.59381646
1870,drought,historical,0.5949119
1871,drought,historical,0.5931498
1872,drought,historical,0.59576344
1873,drought,historical,0.59321904
1874,drought,historical,0.5942581
1875,drought,historical,0.5936199
1876,drought,historical,0.59487367
1877,drought,historical,0.5938656
1878,drought,historical,0.59484416
1879,drought,historical,0.5937911
1880,drought,historical,0.5927061
1881,drought,historical,0.5941738
1882,drought,historical,0.59486157
1883,drought,historical,0.59376574
1884,drought,historical,0.5937854
1885,drought,historical,0.59528387
1886,drought,historical,0.5954268
1887,drought,historical,0.5949927
1888,drought,historical,0.59550667
1889,drought,historical,0.5926323
1890,drought,historical,0.5931625
1891,drought,historical,0.5943554
1892,drought,historical,0.59455997
1893,drought,historical,0.5942362
1894,drought,historical,0.5936655
1895,drought,historical,0.59417677
1896,drought,historical,0.5940772
1897,drought,historical,0.5960958
1898,drought,historical,0.5946776
1899,drought,historical,0.5949108
1900,drought,historical,0.59370166
1901,drought,historical,0.59459597
1902,drought,historical,0.5927266
1903,drought,historical,0.5943329
1904,drought,historical,0.5953352
1905,drought,historical,0.594202
1906,drought,historical,0.5946912
1907,drought,historical,0.5948108
1908,drought,historical,0.59330046
1909,drought,historical,0.5958618
1910,drought,historical,0.59652597
1911,drought,historical,0.59482956
1912,drought,historical,0.5944747
1913,drought,historical,0.59601796
1914,drought,historical,0.59580815
1915,drought,historical,0.59436727
1916,drought,historical,0.5946303
1917,drought,historical,0.5940145
1918,drought,historical,0.5937354
1919,drought,historical,0.59333456
1920,drought,historical,0.5947475
1921,drought,historical,0.5941673
1922,drought,historical,0.5939887
1923,drought,historical,0.59514886
1924,drought,historical,0.5944424
1925,drought,historical,0.595126
1926,drought,historical,0.59577036
1927,drought,historical,0.59385514
1928,drought,historical,0.59314436
1929,drought,historical,0.5934108
1930,drought,historical,0.5930335
1931,drought,historical,0.59154445
1932,drought,historical,0.5938105
1933,drought,historical,0.5940385
1934,drought,historical,0.59430414
1935,drought,historical,0.5939267
1936,drought,historical,0.59413797
1937,drought,historical,0.5937183
1938,drought,historical,0.5920685
1939,drought,historical,0.5924131
1940,drought,historical,0.59325534
1941,drought,historical,0.5947308
1942,drought,historical,0.59372306
1943,drought,historical,0.5935275
1944,drought,historical,0.59328943
1945,drought,historical,0.5938433
1946,drought,historical,0.5921514
1947,drought,historical,0.5923181
1948,drought,historical,0.5928327
1949,drought,historical,0.5950312
1950,drought,historical,0.59399796
1951,drought,historical,0.59425247
1952,drought,historical,0.59305346
1953,drought,historical,0.5931545
1954,drought,historical,0.5944941
1955,drought,historical,0.59289104
1956,drought,historical,0.5940823
1957,drought,historical,0.5941368
1958,drought,historical,0.59396404
1959,drought,historical,0.5928246
1960,drought,historical,0.59326094
1961,drought,historical,0.5940684
1962,drought,historical,0.59297174
1963,drought,historical,0.5945596
1964,drought,historical,0.5946551
1965,drought,historical,0.5967137
1966,drought,historical,0.59509254
1967,drought,historical,0.5946245
1968,drought,historical,0.59345263
1969,drought,historical,0.59354514
1970,drought,historical,0.5942813
1971,drought,historical,0.5932612
1972,drought,historical,0.593488
1973,drought,historical,0.59360844
1974,drought,historical,0.59527665
1975,drought,historical,0.59427303
1976,drought,historical,0.5934812
1977,drought,historical,0.5923101
1978,drought,historical,0.59357023
1979,drought,historical,0.5927305
1980,drought,historical,0.59314054
1981,drought,historical,0.5924898
1982,drought,historical,0.5931098
1983,drought,historical,0.5944055
1984,drought,historical,0.5935953
1985,drought,historical,0.5942425
1986,drought,historical,0.595399
1987,drought,historical,0.59470826
1988,drought,historical,0.59469956
1989,drought,historical,0.5939655
1990,drought,historical,0.59436786
1991,drought,historical,0.59266955
1992,drought,historical,0.5926413
1993,drought,historical,0.592984
1994,drought,historical,0.5930715
1995,drought,historical,0.5921854
1996,drought,historical,0.59232545
1997,drought,historical,0.59027904
1998,drought,historical,0.5930897
1999,drought,historical,0.5921391
2000,drought,historical,0.5921245
2001,drought,historical,0.5915376
2002,drought,historical,0.5937943
2003,drought,historical,0.5932009
2004,drought,historical,0.5916327
2005,drought,historical,0.59237874
2006,drought,historical,0.5927983
2007,drought,historical,0.5922506
2008,drought,historical,0.5933723
2009,drought,historical,0.59401613
2010,drought,historical,0.5903564
2011,drought,historical,0.5929269
2012,drought,historical,0.59166956
2013,drought,historical,0.5922016
2014,drought,historical,0.5912698
1850,marine_hw,historical,0.01450092
1851,marine_hw,historical,0.015116225
1852,marine_hw,historical,0.019122973
1853,marine_hw,historical,0.018670818
1854,marine_hw,historical,0.013107781
1855,marine_hw,historical,0.0102036055
1856,marine_hw,historical,0.018058086
1857,marine_hw,historical,0.021785792
1858,marine_hw,historical,0.01821175
1859,marine_hw,historical,0.0132728005
1860,marine_hw,historical,0.0071685766
1861,marine_hw,historical,0.011851426
1862,marine_hw,historical,0.0209574
1863,marine_hw,historical,0.0175383
1864,marine_hw,historical,0.008924739
1865,marine_hw,historical,0.010837454
1866,marine_hw,historical,0.014997484
1867,marine_hw,historical,0.020465784
1868,marine_hw,historical,0.021576503
1869,marine_hw,historical,0.011432769
1870,marine_hw,historical,0.011738872
1871,marine_hw,historical,0.019479383
1872,marine_hw,historical,0.024235485
1873,marine_hw,historical,0.014736811
1874,marine_hw,historical,0.008548732
1875,marine_hw,historical,0.014034707
1876,marine_hw,historical,0.020611111
1877,marine_hw,historical,0.012288404
1878,marine_hw,historical,0.006996076
1879,marine_hw,historical,0.012424107
1880,marine_hw,historical,0.02316494
1881,marine_hw,historical,0.021563822
1882,marine_hw,historical,0.012615807
1883,marine_hw,historical,0.009337887
1884,marine_hw,historical,0.010300946
1885,marine_hw,historical,0.018135417
1886,marine_hw,historical,0.0215652
1887,marine_hw,historical,0.012144917
1888,marine_hw,historical,0.007883287
1889,marine_hw,historical,0.01180436
1890,marine_hw,historical,0.021377688
1891,marine_hw,historical,0.02188916
1892,marine_hw,historical,0.019663706
1893,marine_hw,historical,0.012274694
1894,marine_hw,historical,0.013884877
1895,marine_hw,historical,0.023314048
1896,marine_hw,historical,0.016556706
1897,marine_hw,historical,0.012576806
1898,marine_hw,historical,0.014666664
1899,marine_hw,historical,0.020664737
1900,marine_hw,historical,0.018993758
1901,marine_hw,historical,0.018084792
1902,marine_hw,historical,0.020577652
1903,marine_hw,historical,0.012632657
1904,marine_hw,historical,0.0092323525
1905,marine_hw,historical,0.011139293
1906,marine_hw,historical,0.015940687
1907,marine_hw,historical,0.014191145
1908,marine_hw,historical,0.013937098
1909,marine_hw,historical,0.020468997
1910,marine_hw,historical,0.016413834
1911,marine_hw,historical,0.016437313
1912,marine_hw,historical,0.017938826
1913,marine_hw,historical,0.017901376
1914,marine_hw,historical,0.02064741
1915,marine_hw,historical,0.01601245
1916,marine_hw,historical,0.012468045
1917,marine_hw,historical,0.015986046
1918,marine_hw,historical,0.018356612
1919,marine_hw,historical,0.023818
1920,marine_hw,historical,0.017398814
1921,marine_hw,historical,0.012500476
1922,marine_hw,historical,0.013968018
1923,marine_hw,historical,0.023502728
1924,marine_hw,historical,0.014704939
1925,marine_hw,historical,0.013334353
1926,marine_hw,historical,0.018354708
1927,marine_hw,historical,0.023298211
1928,marine_hw,historical,0.016095158
1929,marine_hw,historical,0.01239131
1930,marine_hw,historical,0.018274527
1931,marine_hw,historical,0.025034929
1932,marine_hw,historical,0.02205772
1933,marine_hw,historical,0.01379001
1934,marine_hw,historical,0.015091765
1935,marine_hw,historical,0.023423707
1936,marine_hw,historical,0.02021407
1937,marine_hw,historical,0.014740505
1938,marine_hw,historical,0.022505265
1939,marine_hw,historical,0.025736386
1940,marine_hw,historical,0.01654763
1941,marine_hw,historical,0.012921118
1942,marine_hw,historical,0.01601377
1943,marine_hw,historical,0.017155023
1944,marine_hw,historical,0.02343074
1945,marine_hw,historical,0.01929091
1946,marine_hw,historical,0.022367174
1947,marine_hw,historical,0.026038706
1948,marine_hw,historical,0.016281864
1949,marine_hw,historical,0.011118425
1950,marine_hw,historical,0.014498354
1951,marine_hw,historical,0.025356095
1952,marine_hw,historical,0.024070676
1953,marine_hw,historical,0.014289158
1954,marine_hw,historical,0.015616297
1955,marine_hw,historical,0.022455832
1956,marine_hw,historical,0.022800893
1957,marine_hw,historical,0.02464764
1958,marine_hw,historical,0.018627517
1959,marine_hw,historical,0.017650302
1960,marine_hw,historical,0.02408483
1961,marine_hw,historical,0.026107617
1962,marine_hw,historical,0.015447916
1963,marine_hw,historical,0.0076977145
1964,marine_hw,historical,0.01551936
1965,marine_hw,historical,0.02099213
1966,marine_hw,historical,0.010908701
1967,marine_hw,historical,0.013922731
1968,marine_hw,historical,0.024163965
1969,marine_hw,historical,0.025369937
1970,marine_hw,historical,0.016077647
1971,marine_hw,historical,0.011239147
1972,marine_hw,historical,0.014578355
1973,marine_hw,historical,0.023818891
1974,marine_hw,historical,0.017939482
1975,marine_hw,historical,0.014979686
1976,marine_hw,historical,0.01837368
1977,marine_hw,historical,0.025386313
1978,marine_hw,historical,0.019935539
1979,marine_hw,historical,0.018908162
1980,marine_hw,historical,0.025455505
1981,marine_hw,historical,0.02327592
1982,marine_hw,historical,0.013784828
1983,marine_hw,historical,0.010124141
1984,marine_hw,historical,0.021299133
1985,marine_hw,historical,0.02425083
1986,marine_hw,historical,0.014914304
1987,marine_hw,historical,0.017172113
1988,marine_hw,historical,0.025868969
1989,marine_hw,historical,0.022271043
1990,marine_hw,historical,0.018653043
1991,marine_hw,historical,0.01758304
1992,marine_hw,historical,0.014641776
1993,marine_hw,historical,0.025598755
1994,marine_hw,historical,0.026425142
1995,marine_hw,historical,0.016768811
1996,marine_hw,historical,0.020360796
1997,marine_hw,historical,0.03252629
1998,marine_hw,historical,0.026238294
1999,marine_hw,historical,0.016832571
2000,marine_hw,historical,0.022502348
2001,marine_hw,historical,0.030228488
2002,marine_hw,historical,0.033487864
2003,marine_hw,historical,0.019430187
2004,marine_hw,historical,0.015863294
2005,marine_hw,historical,0.021090703
2006,marine_hw,historical,0.03216872
2007,marine_hw,historical,0.030569116
2008,marine_hw,historical,0.029822636
2009,marine_hw,historical,0.031293847
2010,marine_hw,historical,0.035021603
2011,marine_hw,historical,0.029270537
2012,marine_hw,historical,0.020988282
2013,marine_hw,historical,0.027637761
2014,marine_hw,historical,0.036850117
1850,cyclone,historical,0.12591329
1851,cyclone,historical,0.12572417
1852,cyclone,historical,0.13171247
1853,cyclone,historical,0.12896612
1854,cyclone,historical,0.12432288
1855,cyclone,historical,0.12513712
1856,cyclone,historical,0.13169087
1857,cyclone,historical,0.13632622
1858,cyclone,historical,0.1297282
1859,cyclone,historical,0.12721911
1860,cyclone,historical,0.11514309
1861,cyclone,historical,0.12400094
1862,cyclone,historical,0.13289471
1863,cyclone,historical,0.13126646
1864,cyclone,historical,0.1165779
1865,cyclone,historical,0.11736305
1866,cyclone,historical,0.12677492
1867,cyclone,historical,0.12804866
1868,cyclone,historical,0.13409796
1869,cyclone,historical,0.12493556
1870,cyclone,historical,0.12141851
1871,cyclone,historical,0.13056836
1872,cyclone,historical,0.1348038
1873,cyclone,historical,0.13001317
1874,cyclone,historical,0.118364066
1875,cyclone,historical,0.12477709
1876,cyclone,historical,0.13379242
1877,cyclone,historical,0.122971065
1878,cyclone,historical,0.116305456
1879,cyclone,historical,0.120753154
1880,cyclone,historical,0.13613087
1881,cyclone,historical,0.136309
1882,cyclone,historical,0.1287145
1883,cyclone,historical,0.124752395
1884,cyclone,historical,0.12119746
1885,cyclone,historical,0.12931676
1886,cyclone,historical,0.13611177
1887,cyclone,historical,0.12396315
1888,cyclone,historical,0.11543524
1889,cyclone,historical,0.12191472
1890,cyclone,historical,0.13473567
1891,cyclone,historical,0.13544385
1892,cyclone,historical,0.13416861
1893,cyclone,historical,0.122487724
1894,cyclone,historical,0.12600794
1895,cyclone,historical,0.13358743
1896,cyclone,historical,0.124653645
1897,cyclone,historical,0.12082338
1898,cyclone,historical,0.12775792
1899,cyclone,historical,0.13489588
1900,cyclone,historical,0.1334485
1901,cyclone,historical,0.12846863
1902,cyclone,historical,0.13145696
1903,cyclone,historical,0.1258245
1904,cyclone,historical,0.11657897
1905,cyclone,historical,0.1233157
1906,cyclone,historical,0.12372209
1907,cyclone,historical,0.12710966
1908,cyclone,historical,0.1295349
1909,cyclone,historical,0.1320573
1910,cyclone,historical,0.12401702
1911,cyclone,historical,0.12849955
1912,cyclone,historical,0.13029726
1913,cyclone,historical,0.12557168
1914,cyclone,historical,0.13004182
1915,cyclone,historical,0.12654549
1916,cyclone,historical,0.12348258
1917,cyclone,historical,0.1290812
1918,cyclone,historical,0.1297545
1919,cyclone,historical,0.13441198
1920,cyclone,historical,0.124160245
1921,cyclone,historical,0.122954674
1922,cyclone,historical,0.12245986
1923,cyclone,historical,0.13680443
1924,cyclone,historical,0.12997536
1925,cyclone,historical,0.12545894
1926,cyclone,historical,0.13139561
1927,cyclone,historical,0.1345221
1928,cyclone,historical,0.12953132
1929,cyclone,historical,0.12705818
1930,cyclone,historical,0.1331721
1931,cyclone,historical,0.13859548
1932,cyclone,historical,0.13644557
1933,cyclone,historical,0.123484455
1934,cyclone,historical,0.12554547
1935,cyclone,historical,0.13465604
1936,cyclone,historical,0.13301682
1937,cyclone,historical,0.12852654
1938,cyclone,historical,0.13194443
1939,cyclone,historical,0.1356712
1940,cyclone,historical,0.12788972
1941,cyclone,historical,0.12230356
1942,cyclone,historical,0.1302272
1943,cyclone,historical,0.12968758
1944,cyclone,historical,0.13813417
1945,cyclone,historical,0.13217957
1946,cyclone,historical,0.13413449
1947,cyclone,historical,0.14173268
1948,cyclone,historical,0.1327226
1949,cyclone,historical,0.124713965
1950,cyclone,historical,0.122854784
1951,cyclone,historical,0.13543162
1952,cyclone,historical,0.13780627
1953,cyclone,historical,0.13164018
1954,cyclone,historical,0.12569827
1955,cyclone,historical,0.1351591
1956,cyclone,historical,0.13270907
1957,cyclone,historical,0.13598591
1958,cyclone,historical,0.12925756
1959,cyclone,historical,0.12755829
1960,cyclone,historical,0.13312054
1961,cyclone,historical,0.14069073
1962,cyclone,historical,0.1287773
1963,cyclone,historical,0.121966526
1964,cyclone,historical,0.123562105
1965,cyclone,historical,0.13316245
1966,cyclone,historical,0.12309369
1967,cyclone,historical,0.12445517
1968,cyclone,historical,0.1313205
1969,cyclone,historical,0.13997962
1970,cyclone,historical,0.12642425
1971,cyclone,historical,0.12161367
1972,cyclone,historical,0.12959757
1973,cyclone,historical,0.13350669
1974,cyclone,historical,0.1300776
1975,cyclone,historical,0.12964591
1976,cyclone,historical,0.12929443
1977,cyclone,historical,0.13767584
1978,cyclone,historical,0.13121735
1979,cyclone,historical,0.12726642
1980,cyclone,historical,0.13905768
1981,cyclone,historical,0.13761806
1982,cyclone,historical,0.12925819
1983,cyclone,historical,0.11943685
1984,cyclone,historical,0.13371928
1985,cyclone,historical,0.13727959
1986,cyclone,historical,0.1273401
1987,cyclone,historical,0.12679629
1988,cyclone,historical,0.13657309
1989,cyclone,historical,0.13871697
1990,cyclone,historical,0.13131084
1991,cyclone,historical,0.13150948
1992,cyclone,historical,0.12620987
1993,cyclone,historical,0.13451032
1994,cyclone,historical,0.1425568
1995,cyclone,historical,0.13462897
1996,cyclone,historical,0.1329999
1997,cyclone,historical,0.14363952
1998,cyclone,historical,0.13975123
1999,cyclone,historical,0.12909964
2000,cyclone,historical,0.13237207
2001,cyclone,historical,0.1402119
2002,cyclone,historical,0.1504625
2003,cyclone,historical,0.13628115
2004,cyclone,historical,0.1318098
2005,cyclone,historical,0.12866609
2006,cyclone,historical,0.14321327
2007,cyclone,historical,0.14258036
2008,cyclone,historical,0.13944481
2009,cyclone,historical,0.14394306
2010,cyclone,historical,0.1499324
2011,cyclone,historical,0.14239405
2012,cyclone,historical,0.13598508
2013,cyclone,historical,0.14011972
2014,cyclone,historical,0.15262002
1850,wildfire,historical,0.18516889
1851,wildfire,historical,0.1853682
1852,wildfire,historical,0.18428816
1853,wildfire,historical,0.18503122
1854,wildfire,historical,0.18573111
1855,wildfire,historical,0.18539229
1856,wildfire,historical,0.18388808
1857,wildfire,historical,0.18381906
1858,wildfire,historical,0.18421322
1859,wildfire,historical,0.18688731
1860,wildfire,historical,0.18605171
1861,wildfire,historical,0.18598059
1862,wildfire,historical,0.18419167
1863,wildfire,historical,0.18510151
1864,wildfire,historical,0.18646963
1865,wildfire,historical,0.1841376
1866,wildfire,historical,0.18440017
1867,wildfire,historical,0.184051
1868,wildfire,historical,0.18513654
1869,wildfire,historical,0.18694642
1870,wildfire,historical,0.1844429
1871,wildfire,historical,0.18325429
1872,wildfire,historical,0.18547815
1873,wildfire,historical,0.18498656
1874,wildfire,historical,0.18564607
1875,wildfire,historical,0.183759
1876,wildfire,historical,0.18499647
1877,wildfire,historical,0.18565992
1878,wildfire,historical,0.18633807
1879,wildfire,historical,0.18443008
1880,wildfire,historical,0.18433766
1881,wildfire,historical,0.18549658
1882,wildfire,historical,0.18731934
1883,wildfire,historical,0.18523078
1884,wildfire,historical,0.18385907
1885,wildfire,historical,0.18359919
1886,wildfire,historical,0.18648265
1887,wildfire,historical,0.18683939
1888,wildfire,historical,0.18650392
1889,wildfire,historical,0.18318652
1890,wildfire,historical,0.18329008
1891,wildfire,historical,0.18493038
1892,wildfire,historical,0.18625002
1893,wildfire,historical,0.18532647
1894,wildfire,historical,0.18388495
1895,wildfire,historical,0.18425083
1896,wildfire,historical,0.18412805
1897,wildfire,historical,0.18531309
1898,wildfire,historical,0.18501052
1899,wildfire,historical,0.18485597
1900,wildfire,historical,0.18435633
1901,wildfire,historical,0.18479969
1902,wildfire,historical,0.18339711
1903,wildfire,historical,0.1847359
1904,wildfire,historical,0.18432994
1905,wildfire,historical,0.18494523
1906,wildfire,historical,0.1841227
1907,wildfire,historical,0.18582915
1908,wildfire,historical,0.18498418
1909,wildfire,historical,0.1846379
1910,wildfire,historical,0.18503064
1911,wildfire,historical,0.18517737
1912,wildfire,historical,0.18456018
1913,wildfire,historical,0.1845201
1914,wildfire,historical,0.18400489
1915,wildfire,historical,0.1844564
1916,wildfire,historical,0.18602473
1917,wildfire,historical,0.18398508
1918,wildfire,historical,0.18443094
1919,wildfire,historical,0.18448894
1920,wildfire,historical,0.18439963
1921,wildfire,historical,0.18432045
1922,wildfire,historical,0.18341833
1923,wildfire,historical,0.18453237
1924,wildfire,historical,0.18448138
1925,wildfire,historical,0.18587501
1926,wildfire,historical,0.18567501
1927,wildfire,historical,0.18452185
1928,wildfire,historical,0.18467963
1929,wildfire,historical,0.18477139
1930,wildfire,historical,0.18295284
1931,wildfire,historical,0.18280089
1932,wildfire,historical,0.18513355
1933,wildfire,historical,0.1850688
1934,wildfire,historical,0.18514332
1935,wildfire,historical,0.1836092
1936,wildfire,historical,0.18509394
1937,wildfire,historical,0.18521325
1938,wildfire,historical,0.18251705
1939,wildfire,historical,0.18449219
1940,wildfire,historical,0.18378669
1941,wildfire,historical,0.18622214
1942,wildfire,historical,0.18437116
1943,wildfire,historical,0.18385577
1944,wildfire,historical,0.18358222
1945,wildfire,historical,0.18417993
1946,wildfire,historical,0.18268037
1947,wildfire,historical,0.18401895
1948,wildfire,historical,0.1848458
1949,wildfire,historical,0.18532975
1950,wildfire,historical,0.18356642
1951,wildfire,historical,0.183602
1952,wildfire,historical,0.18426877
1953,wildfire,historical,0.18502867
1954,wildfire,historical,0.18450335
1955,wildfire,historical,0.1830363
1956,wildfire,historical,0.18381776
1957,wildfire,historical,0.18415286
1958,wildfire,historical,0.18514487
1959,wildfire,historical,0.18310697
1960,wildfire,historical,0.18226433
1961,wildfire,historical,0.18464205
1962,wildfire,historical,0.18442556
1963,wildfire,historical,0.18579915
1964,wildfire,historical,0.18330197
1965,wildfire,historical,0.18578924
1966,wildfire,historical,0.18567125
1967,wildfire,historical,0.1844903
1968,wildfire,historical,0.18287794
1969,wildfire,historical,0.18460013
1970,wildfire,historical,0.18481088
1971,wildfire,historical,0.18344215
1972,wildfire,historical,0.18336818
1973,wildfire,historical,0.18335375
1974,wildfire,historical,0.1854412
1975,wildfire,historical,0.18493494
1976,wildfire,historical,0.18340346
1977,wildfire,historical,0.18323609
1978,wildfire,historical,0.18388644
1979,wildfire,historical,0.18285342
1980,wildfire,historical,0.18332386
1981,wildfire,historical,0.18389745
1982,wildfire,historical,0.18558346
1983,wildfire,historical,0.18324539
1984,wildfire,historical,0.18173066
1985,wildfire,historical,0.18429472
1986,wildfire,historical,0.18526682
1987,wildfire,historical,0.18313149
1988,wildfire,historical,0.18380287
1989,wildfire,historical,0.18599685
1990,wildfire,historical,0.18548134
1991,wildfire,historical,0.18384166
1992,wildfire,historical,0.18246329
1993,wildfire,historical,0.18130691
1994,wildfire,historical,0.18336527
1995,wildfire,historical,0.1840439
1996,wildfire,historical,0.18328741
1997,wildfire,historical,0.18306065
1998,wildfire,historical,0.18359967
1999,wildfire,historical,0.18381536
2000,wildfire,historical,0.18238266
2001,wildfire,historical,0.18302748
2002,wildfire,historical,0.18460438
2003,wildfire,historical,0.18508525
2004,wildfire,historical,0.18425967
2005,wildfire,historical,0.18298638
2006,wildfire,historical,0.18388717
2007,wildfire,historical,0.18215793
2008,wildfire,historical,0.18357727
2009,wildfire,historical,0.18358912
2010,wildfire,historical,0.18249987
2011,wildfire,historical,0.18452212
2012,wildfire,historical,0.18340315
2013,wildfire,historical,0.18354754
2014,wildfire,historical,0.18315928
1850,snow,historical,0.015336183
1851,snow,historical,0.015652364
1852,snow,historical,0.015515699
1853,snow,historical,0.015412468
1854,snow,historical,0.015387846
1855,snow,historical,0.015692946
1856,snow,historical,0.015341193
1857,snow,historical,0.015674563
1858,snow,historical,0.015577099
1859,snow,historical,0.015581621
1860,snow,historical,0.015763419
1861,snow,historical,0.015849842
1862,snow,historical,0.014962634
1863,snow,historical,0.015434729
1864,snow,historical,0.015484704
1865,snow,historical,0.01521272
1866,snow,historical,0.015462202
1867,snow,historical,0.0154959215
1868,snow,historical,0.015488024
1869,snow,historical,0.015705489
1870,snow,historical,0.015432577
1871,snow,historical,0.015495909
1872,snow,historical,0.015341087
1873,snow,historical,0.015887544
1874,snow,historical,0.015590056
1875,snow,historical,0.01563497
1876,snow,historical,0.015209226
1877,snow,historical,0.015772482
1878,snow,historical,0.0155533
1879,snow,historical,0.01579445
1880,snow,historical,0.015609176
1881,snow,historical,0.015418213
1882,snow,historical,0.015801808
1883,snow,historical,0.015509045
1884,snow,historical,0.015416167
1885,snow,historical,0.0153318755
1886,snow,historical,0.01539373
1887,snow,historical,0.015251067
1888,snow,historical,0.015525732
1889,snow,historical,0.015866634
1890,snow,historical,0.015157881
1891,snow,historical,0.015251684
1892,snow,historical,0.015630202
1893,snow,historical,0.015559748
1894,snow,historical,0.015139313
1895,snow,historical,0.01486418
1896,snow,historical,0.015328955
1897,snow,historical,0.015133194
1898,snow,historical,0.015632698
1899,snow,historical,0.015285051
1900,snow,historical,0.01543906
1901,snow,historical,0.01514387
1902,snow,historical,0.015561639
1903,snow,historical,0.015484134
1904,snow,historical,0.015186258
1905,snow,historical,0.015547441
1906,snow,historical,0.01529014
1907,snow,historical,0.01551978
1908,snow,historical,0.0154686095
1909,snow,historical,0.014934408
1910,snow,historical,0.015191501
1911,snow,historical,0.01516152
1912,snow,historical,0.015636697
1913,snow,historical,0.01511707
1914,snow,historical,0.014825049
1915,snow,historical,0.015504022
1916,snow,historical,0.015464253
1917,snow,historical,0.015292257
1918,snow,historical,0.015485416
1919,snow,historical,0.01565044
1920,snow,historical,0.015108549
1921,snow,historical,0.015310502
1922,snow,historical,0.015343607
1923,snow,historical,0.0153384805
1924,snow,historical,0.015588416
1925,snow,historical,0.015434304
1926,snow,historical,0.015538425
1927,snow,historical,0.01556983
1928,snow,historical,0.015525239
1929,snow,historical,0.01584116
1930,snow,historical,0.01544197
1931,snow,historical,0.015530315
1932,snow,historical,0.0154178245
1933,snow,historical,0.015749995
1934,snow,historical,0.015650978
1935,snow,historical,0.015170279
1936,snow,historical,0.015055404
1937,snow,historical,0.015565479
1938,snow,historical,0.015378879
1939,snow,historical,0.014726462
1940,snow,historical,0.015284538
1941,snow,historical,0.01531182
1942,snow,historical,0.015761299
1943,snow,historical,0.015873518
1944,snow,historical,0.015188077
1945,snow,historical,0.015324254
1946,snow,historical,0.015581306
1947,snow,historical,0.015368796
1948,snow,historical,0.015586433
1949,snow,historical,0.015612945
1950,snow,historical,0.01503732
1951,snow,historical,0.015379243
1952,snow,historical,0.015695106
1953,snow,historical,0.01620855
1954,snow,historical,0.015689174
1955,snow,historical,0.015213119
1956,snow,historical,0.015131887
1957,snow,historical,0.015705286
1958,snow,historical,0.0157827
1959,snow,historical,0.015696267
1960,snow,historical,0.0153063955
1961,snow,historical,0.015510924
1962,snow,historical,0.016273491
1963,snow,historical,0.016154245
1964,snow,historical,0.015526774
1965,snow,historical,0.0153477
1966,snow,historical,0.015717365
1967,snow,historical,0.015604865
1968,snow,historical,0.015386327
1969,snow,historical,0.01581216
1970,snow,historical,0.015682245
1971,snow,historical,0.015809003
1972,snow,historical,0.015584816
1973,snow,historical,0.015623167
1974,snow,historical,0.015554446
1975,snow,historical,0.015762923
1976,snow,historical,0.01563109
1977,snow,historical,0.015670225
1978,snow,historical,0.0152952615
1979,snow,historical,0.01568292
1980,snow,historical,0.015716143
1981,snow,historical,0.015905255
1982,snow,historical,0.015945219
1983,snow,historical,0.015551487
1984,snow,historical,0.015277144
1985,snow,historical,0.015205237
1986,snow,historical,0.015278637
1987,snow,historical,0.015485246
1988,snow,historical,0.015000094
1989,snow,historical,0.01568707
1990,snow,historical,0.015552499
1991,snow,historical,0.01576496
1992,snow,historical,0.015568048
1993,snow,historical,0.014957133
1994,snow,historical,0.015440329
1995,snow,historical,0.015942259
1996,snow,historical,0.015829595
1997,snow,historical,0.015625942
1998,snow,historical,0.015378765
1999,snow,historical,0.015509174
2000,snow,historical,0.015370018
2001,snow,historical,0.015598007
2002,snow,historical,0.01524106
2003,snow,historical,0.015504281
2004,snow,historical,0.015893074
2005,snow,historical,0.015212151
2006,snow,historical,0.015282698
2007,snow,historical,0.015344909
2008,snow,historical,0.015175753
2009,snow,historical,0.0148349255
2010,snow,historical,0.015792137
2011,snow,historical,0.015644418
2012,snow,historical,0.015676232
2013,snow,historical,0.015187013
2014,snow,historical,0.015312102
1850,sea_level,historical,0.65465444
1851,sea_level,historical,0.65472704
1852,sea_level,historical,0.6552944
1853,sea_level,historical,0.6545851
1854,sea_level,historical,0.6546096
1855,sea_level,historical,0.6537701
1856,sea_level,historical,0.6532272
1857,sea_level,historical,0.65441024
1858,sea_level,historical,0.65691406
1859,sea_level,historical,0.65745693
1860,sea_level,historical,0.65501577
1861,sea_level,historical,0.65430766
1862,sea_level,historical,0.6548691
1863,sea_level,historical,0.65508276
1864,sea_level,historical,0.6533626
1865,sea_level,historical,0.6525224
1866,sea_level,historical,0.65409267
1867,sea_level,historical,0.65389454
1868,sea_level,historical,0.65336365
1869,sea_level,historical,0.6530917
1870,sea_level,historical,0.65319586
1871,sea_level,historical,0.6532565
1872,sea_level,historical,0.65109
1873,sea_level,historical,0.6503833
1874,sea_level,historical,0.6501821
1875,sea_level,historical,0.6496828
1876,sea_level,historical,0.64929795
1877,sea_level,historical,0.64865226
1878,sea_level,historical,0.6473249
1879,sea_level,historical,0.6477391
1880,sea_level,historical,0.6507225
1881,sea_level,historical,0.65173215
1882,sea_level,historical,0.6509557
1883,sea_level,historical,0.64993805
1884,sea_level,historical,0.64881045
1885,sea_level,historical,0.6471979
1886,sea_level,historical,0.6473218
1887,sea_level,historical,0.64865357
1888,sea_level,historical,0.64792013
1889,sea_level,historical,0.64826304
1890,sea_level,historical,0.648826
1891,sea_level,historical,0.6497856
1892,sea_level,historical,0.6503417
1893,sea_level,historical,0.6491358
1894,sea_level,historical,0.6480449
1895,sea_level,historical,0.6491188
1896,sea_level,historical,0.64884067
1897,sea_level,historical,0.64696914
1898,sea_level,historical,0.6470857
1899,sea_level,historical,0.6485109
1900,sea_level,historical,0.6475661
1901,sea_level,historical,0.6474346
1902,sea_level,historical,0.6477021
1903,sea_level,historical,0.64624864
1904,sea_level,historical,0.6469803
1905,sea_level,historical,0.64684355
1906,sea_level,historical,0.6459944
1907,sea_level,historical,0.648272
1908,sea_level,historical,0.6481728
1909,sea_level,historical,0.6479716
1910,sea_level,historical,0.64751494
1911,sea_level,historical,0.6479704
1912,sea_level,historical,0.64702135
1913,sea_level,historical,0.64503074
1914,sea_level,historical,0.64405096
1915,sea_level,historical,0.6448454
1916,sea_level,historical,0.64497626
1917,sea_level,historical,0.646193
1918,sea_level,historical,0.6474618
1919,sea_level,historical,0.6474551
1920,sea_level,historical,0.6465114
1921,sea_level,historical,0.64797604
1922,sea_level,historical,0.64779824
1923,sea_level,historical,0.6467868
1924,sea_level,historical,0.64713776
1925,sea_level,historical,0.6479392
1926,sea_level,historical,0.64639705
1927,sea_level,historical,0.6453722
1928,sea_level,historical,0.64524317
1929,sea_level,historical,0.6446132
1930,sea_level,historical,0.6434264
1931,sea_level,historical,0.64424145
1932,sea_level,historical,0.64731807
1933,sea_level,historical,0.6459595
1934,sea_level,historical,0.6447859
1935,sea_level,historical,0.64717835
1936,sea_level,historical,0.648468
1937,sea_level,historical,0.6485983
1938,sea_level,historical,0.6494271
1939,sea_level,historical,0.64941573
1940,sea_level,historical,0.6503051
1941,sea_level,historical,0.64924157
1942,sea_level,historical,0.6466157
1943,sea_level,historical,0.6473905
1944,sea_level,historical,0.6490044
1945,sea_level,historical,0.6485877
1946,sea_level,historical,0.64785653
1947,sea_level,historical,0.6482469
1948,sea_level,historical,0.6481937
1949,sea_level,historical,0.64753467
1950,sea_level,historical,0.6477615
1951,sea_level,historical,0.6475969
1952,sea_level,historical,0.6494777
1953,sea_level,historical,0.64976376
1954,sea_level,historical,0.6503781
1955,sea_level,historical,0.64905626
1956,sea_level,historical,0.64867085
1957,sea_level,historical,0.6487954
1958,sea_level,historical,0.64883673
1959,sea_level,historical,0.6477043
1960,sea_level,historical,0.6480014
1961,sea_level,historical,0.64769
1962,sea_level,historical,0.6472441
1963,sea_level,historical,0.647006
1964,sea_level,historical,0.64522743
1965,sea_level,historical,0.6447763
1966,sea_level,historical,0.64498115
1967,sea_level,historical,0.64347905
1968,sea_level,historical,0.6441259
1969,sea_level,historical,0.6452403
1970,sea_level,historical,0.64459157
1971,sea_level,historical,0.6455231
1972,sea_level,historical,0.647899
1973,sea_level,historical,0.6477659
1974,sea_level,historical,0.6476801
1975,sea_level,historical,0.64795125
1976,sea_level,historical,0.6476276
1977,sea_level,historical,0.64780635
1978,sea_level,historical,0.64860994
1979,sea_level,historical,0.64841473
1980,sea_level,historical,0.6484241
1981,sea_level,historical,0.6487163
1982,sea_level,historical,0.6494527
1983,sea_level,historical,0.64958096
1984,sea_level,historical,0.6486005
1985,sea_level,historical,0.64929706
1986,sea_level,historical,0.65066755
1987,sea_level,historical,0.6511145
1988,sea_level,historical,0.65289974
1989,sea_level,historical,0.65387315
1990,sea_level,historical,0.6529095
1991,sea_level,historical,0.65361965
1992,sea_level,historical,0.6536566
1993,sea_level,historical,0.6523239
1994,sea_level,historical,0.65339833
1995,sea_level,historical,0.6536538
1996,sea_level,historical,0.65291166
1997,sea_level,historical,0.6524458
1998,sea_level,historical,0.65384096
1999,sea_level,historical,0.6548058
2000,sea_level,historical,0.655594
2001,sea_level,historical,0.6560785
2002,sea_level,historical,0.6566188
2003,sea_level,historical,0.6586679
2004,sea_level,historical,0.6593176
2005,sea_level,historical,0.6587102
2006,sea_level,historical,0.6599704
2007,sea_level,historical,0.65982467
2008,sea_level,historical,0.66079396
2009,sea_level,historical,0.66266596
2010,sea_level,historical,0.66232735
2011,sea_level,historical,0.6634391
2012,sea_level,historical,0.6634878
2013,sea_level,historical,0.66357374
2014,sea_level,historical,0.6652045
1850,heat,abrupt-4xCO2,0.0036711448
1851,heat,abrupt-4xCO2,0.0059800684
1852,heat,abrupt-4xCO2,0.0067411913
1853,heat,abrupt-4xCO2,0.0068443133
1854,heat,abrupt-4xCO2,0.0061217207
1855,heat,abrupt-4xCO2,0.006420225
1856,heat,abrupt-4xCO2,0.009885468
1857,heat,abrupt-4xCO2,0.010095821
1858,heat,abrupt-4xCO2,0.0092461305
1859,heat,abrupt-4xCO2,0.011346767
1860,heat,abrupt-4xCO2,0.010244338
1861,heat,abrupt-4xCO2,0.008298745
1862,heat,abrupt-4xCO2,0.0108623095
1863,heat,abrupt-4xCO2,0.012504804
1864,heat,abrupt-4xCO2,0.011703215
1865,heat,abrupt-4xCO2,0.012987203
1866,heat,abrupt-4xCO2,0.013288385
1867,heat,abrupt-4xCO2,0.009564886
1868,heat,abrupt-4xCO2,0.012907635
1869,heat,abrupt-4xCO2,0.013328428
1870,heat,abrupt-4xCO2,0.009140147
1871,heat,abrupt-4xCO2,0.0114720855
1872,heat,abrupt-4xCO2,0.013121423
1873,heat,abrupt-4xCO2,0.011251023
1874,heat,abrupt-4xCO2,0.014616192
1875,heat,abrupt-4xCO2,0.015118745
1876,heat,abrupt-4xCO2,0.010947647
1877,heat,abrupt-4xCO2,0.01065391
1878,heat,abrupt-4xCO2,0.013377861
1879,heat,abrupt-4xCO2,0.012170609
1880,heat,abrupt-4xCO2,0.013345838
1881,heat,abrupt-4xCO2,0.013405106
1882,heat,abrupt-4xCO2,0.010000229
1883,heat,abrupt-4xCO2,0.014510091
1884,heat,abrupt-4xCO2,0.014647418
1885,heat,abrupt-4xCO2,0.010651164
1886,heat,abrupt-4xCO2,0.013501853
1887,heat,abrupt-4xCO2,0.016206479
1888,heat,abrupt-4xCO2,0.014482541
1889,heat,abrupt-4xCO2,0.011912158
1890,heat,abrupt-4xCO2,0.010588601
1891,heat,abrupt-4xCO2,0.014972635
1892,heat,abrupt-4xCO2,0.014682388
1893,heat,abrupt-4xCO2,0.010586742
1894,heat,abrupt-4xCO2,0.014552004
1895,heat,abrupt-4xCO2,0.015645862
1896,heat,abrupt-4xCO2,0.011078032
1897,heat,abrupt-4xCO2,0.015390194
1898,heat,abrupt-4xCO2,0.015881179
1899,heat,abrupt-4xCO2,0.013170907
1900,heat,abrupt-4xCO2,0.0152339
1901,heat,abrupt-4xCO2,0.017114276
1902,heat,abrupt-4xCO2,0.013595714
1903,heat,abrupt-4xCO2,0.011343636
1904,heat,abrupt-4xCO2,0.016270885
1905,heat,abrupt-4xCO2,0.01500497
1906,heat,abrupt-4xCO2,0.012882282
1907,heat,abrupt-4xCO2,0.014834766
1908,heat,abrupt-4xCO2,0.015438659
1909,heat,abrupt-4xCO2,0.013633994
1910,heat,abrupt-4xCO2,0.016762335
1911,heat,abrupt-4xCO2,0.0139452685
1912,heat,abrupt-4xCO2,0.011077601
1913,heat,abrupt-4xCO2,0.015452131
1914,heat,abrupt-4xCO2,0.017019598
1915,heat,abrupt-4xCO2,0.014319496
1916,heat,abrupt-4xCO2,0.016342785
1917,heat,abrupt-4xCO2,0.016296718
1918,heat,abrupt-4xCO2,0.013793696
1919,heat,abrupt-4xCO2,0.015316359
1920,heat,abrupt-4xCO2,0.017172074
1921,heat,abrupt-4xCO2,0.013635369
1922,heat,abrupt-4xCO2,0.015545784
1923,heat,abrupt-4xCO2,0.015642663
1924,heat,abrupt-4xCO2,0.01182951
1925,heat,abrupt-4xCO2,0.013357961
1926,heat,abrupt-4xCO2,0.016257595
1927,heat,abrupt-4xCO2,0.013136388
1928,heat,abrupt-4xCO2,0.014558444
1929,heat,abrupt-4xCO2,0.016095474
1930,heat,abrupt-4xCO2,0.013870539
1931,heat,abrupt-4xCO2,0.016398119
1932,heat,abrupt-4xCO2,0.01408228
1933,heat,abrupt-4xCO2,0.014372488
1934,heat,abrupt-4xCO2,0.013003639
1935,heat,abrupt-4xCO2,0.016416293
1936,heat,abrupt-4xCO2,0.017384771
1937,heat,abrupt-4xCO2,0.014295797
1938,heat,abrupt-4xCO2,0.012623447
1939,heat,abrupt-4xCO2,0.016363604
1940,heat,abrupt-4xCO2,0.013606088
1941,heat,abrupt-4xCO2,0.015793433
1942,heat,abrupt-4xCO2,0.016736966
1943,heat,abrupt-4xCO2,0.016697703
1944,heat,abrupt-4xCO2,0.013244405
1945,heat,abrupt-4xCO2,0.016396748
1946,heat,abrupt-4xCO2,0.01619952
1947,heat,abrupt-4xCO2,0.014355722
1948,heat,abrupt-4xCO2,0.017723074
1949,heat,abrupt-4xCO2,0.013719878
1950,heat,abrupt-4xCO2,0.010668051
1951,heat,abrupt-4xCO2,0.017204843
1952,heat,abrupt-4xCO2,0.015968999
1953,heat,abrupt-4xCO2,0.015101186
1954,heat,abrupt-4xCO2,0.016701607
1955,heat,abrupt-4xCO2,0.015671141
1956,heat,abrupt-4xCO2,0.015858425
1957,heat,abrupt-4xCO2,0.014419787
1958,heat,abrupt-4xCO2,0.015878381
1959,heat,abrupt-4xCO2,0.01685869
1960,heat,abrupt-4xCO2,0.013723659
1961,heat,abrupt-4xCO2,0.016218375
1962,heat,abrupt-4xCO2,0.016953992
1963,heat,abrupt-4xCO2,0.016983254
1964,heat,abrupt-4xCO2,0.0148795135
1965,heat,abrupt-4xCO2,0.016409121
1966,heat,abrupt-4xCO2,0.017633922
1967,heat,abrupt-4xCO2,0.012111484
1968,heat,abrupt-4xCO2,0.013477672
1969,heat,abrupt-4xCO2,0.019160876
1970,heat,abrupt-4xCO2,0.019619526
1971,heat,abrupt-4xCO2,0.014313703
1972,heat,abrupt-4xCO2,0.014761435
1973,heat,abrupt-4xCO2,0.019264854
1974,heat,abrupt-4xCO2,0.015811669
1975,heat,abrupt-4xCO2,0.013514128
1976,heat,abrupt-4xCO2,0.018414183
1977,heat,abrupt-4xCO2,0.018813077
1978,heat,abrupt-4xCO2,0.013766479
1979,heat,abrupt-4xCO2,0.013348348
1980,heat,abrupt-4xCO2,0.018132498
1981,heat,abrupt-4xCO2,0.016117632
1982,heat,abrupt-4xCO2,0.017471565
1983,heat,abrupt-4xCO2,0.01891974
1984,heat,abrupt-4xCO2,0.018272875
1985,heat,abrupt-4xCO2,0.016332341
1986,heat,abrupt-4xCO2,0.013999744
1987,heat,abrupt-4xCO2,0.01547896
1988,heat,abrupt-4xCO2,0.019345973
1989,heat,abrupt-4xCO2,0.018044902
1990,heat,abrupt-4xCO2,0.015804214
1991,heat,abrupt-4xCO2,0.018764593
1992,heat,abrupt-4xCO2,0.017665032
1993,heat,abrupt-4xCO2,0.014988383
1994,heat,abrupt-4xCO2,0.01637281
1995,heat,abrupt-4xCO2,0.019435376
1996,heat,abrupt-4xCO2,0.019241594
1997,heat,abrupt-4xCO2,0.015688675
1998,heat,abrupt-4xCO2,0.017646635
1999,heat,abrupt-4xCO2,0.017491028
2000,heat,abrupt-4xCO2,0.016140506
1850,precip,abrupt-4xCO2,0.0008409152
1851,precip,abrupt-4xCO2,0.0010480284
1852,precip,abrupt-4xCO2,0.0010864399
1853,precip,abrupt-4xCO2,0.0009471882
1854,precip,abrupt-4xCO2,0.0009323183
1855,precip,abrupt-4xCO2,0.00094842946
1856,precip,abrupt-4xCO2,0.0012393207
1857,precip,abrupt-4xCO2,0.0011628125
1858,precip,abrupt-4xCO2,0.0011676132
1859,precip,abrupt-4xCO2,0.0011961048
1860,precip,abrupt-4xCO2,0.0011539527
1861,precip,abrupt-4xCO2,0.001060024
1862,precip,abrupt-4xCO2,0.0012328055
1863,precip,abrupt-4xCO2,0.0012646661
1864,precip,abrupt-4xCO2,0.0012128754
1865,precip,abrupt-4xCO2,0.0012815114
1866,precip,abrupt-4xCO2,0.0012473854
1867,precip,abrupt-4xCO2,0.0011089985
1868,precip,abrupt-4xCO2,0.0013131278
1869,precip,abrupt-4xCO2,0.0012519687
1870,precip,abrupt-4xCO2,0.0010609782
1871,precip,abrupt-4xCO2,0.001226795
1872,precip,abrupt-4xCO2,0.0013314142
1873,precip,abrupt-4xCO2,0.0011348124
1874,precip,abrupt-4xCO2,0.0012056197
1875,precip,abrupt-4xCO2,0.0012897343
1876,precip,abrupt-4xCO2,0.0011213014
1877,precip,abrupt-4xCO2,0.0011547722
1878,precip,abrupt-4xCO2,0.0013548365
1879,precip,abrupt-4xCO2,0.0012023946
1880,precip,abrupt-4xCO2,0.0012053942
1881,precip,abrupt-4xCO2,0.0013188217
1882,precip,abrupt-4xCO2,0.0011077548
1883,precip,abrupt-4xCO2,0.0012892261
1884,precip,abrupt-4xCO2,0.0012577369
1885,precip,abrupt-4xCO2,0.001146969
1886,precip,abrupt-4xCO2,0.0013076446
1887,precip,abrupt-4xCO2,0.0012526435
1888,precip,abrupt-4xCO2,0.0012761607
1889,precip,abrupt-4xCO2,0.0012808742
1890,precip,abrupt-4xCO2,0.0011584241
1891,precip,abrupt-4xCO2,0.0013229998
1892,precip,abrupt-4xCO2,0.0012268599
1893,precip,abrupt-4xCO2,0.0011519549
1894,precip,abrupt-4xCO2,0.0012447305
1895,precip,abrupt-4xCO2,0.0013533197
1896,precip,abrupt-4xCO2,0.0011293854
1897,precip,abrupt-4xCO2,0.0013141911
1898,precip,abrupt-4xCO2,0.0012628508
1899,precip,abrupt-4xCO2,0.001155995
1900,precip,abrupt-4xCO2,0.0013546973
1901,precip,abrupt-4xCO2,0.001305281
1902,precip,abrupt-4xCO2,0.0012230292
1903,precip,abrupt-4xCO2,0.0011531939
1904,precip,abrupt-4xCO2,0.001395126
1905,precip,abrupt-4xCO2,0.0012402188
1906,precip,abrupt-4xCO2,0.0011624721
1907,precip,abrupt-4xCO2,0.0012921854
1908,precip,abrupt-4xCO2,0.0013399364
1909,precip,abrupt-4xCO2,0.0012049198
1910,precip,abrupt-4xCO2,0.0014291193
1911,precip,abrupt-4xCO2,0.0012318947
1912,precip,abrupt-4xCO2,0.0010429812
1913,precip,abrupt-4xCO2,0.0012896046
1914,precip,abrupt-4xCO2,0.0013879046
1915,precip,abrupt-4xCO2,0.0011548335
1916,precip,abrupt-4xCO2,0.001267154
1917,precip,abrupt-4xCO2,0.0012326812
1918,precip,abrupt-4xCO2,0.0012934242
1919,precip,abrupt-4xCO2,0.0012764054
1920,precip,abrupt-4xCO2,0.001189362
1921,precip,abrupt-4xCO2,0.0011490604
1922,precip,abrupt-4xCO2,0.0013528067
1923,precip,abrupt-4xCO2,0.001272737
1924,precip,abrupt-4xCO2,0.0011946687
1925,precip,abrupt-4xCO2,0.001268932
1926,precip,abrupt-4xCO2,0.0013451441
1927,precip,abrupt-4xCO2,0.0012547846
1928,precip,abrupt-4xCO2,0.0012717933
1929,precip,abrupt-4xCO2,0.0013432488
1930,precip,abrupt-4xCO2,0.0012698575
1931,precip,abrupt-4xCO2,0.0012765967
1932,precip,abrupt-4xCO2,0.0011968652
1933,precip,abrupt-4xCO2,0.0012976824
1934,precip,abrupt-4xCO2,0.0012587992
1935,precip,abrupt-4xCO2,0.0013617666
1936,precip,abrupt-4xCO2,0.0013075776
1937,precip,abrupt-4xCO2,0.0012492745
1938,precip,abrupt-4xCO2,0.0012020569
1939,precip,abrupt-4xCO2,0.0013378579
1940,precip,abrupt-4xCO2,0.0012069942
1941,precip,abrupt-4xCO2,0.0013539391
1942,precip,abrupt-4xCO2,0.0013198127
1943,precip,abrupt-4xCO2,0.0013456924
1944,precip,abrupt-4xCO2,0.0012023612
1945,precip,abrupt-4xCO2,0.0013429753
1946,precip,abrupt-4xCO2,0.0012843222
1947,precip,abrupt-4xCO2,0.0012894653
1948,precip,abrupt-4xCO2,0.001356489
1949,precip,abrupt-4xCO2,0.0011891332
1950,precip,abrupt-4xCO2,0.0011234083
1951,precip,abrupt-4xCO2,0.0013873948
1952,precip,abrupt-4xCO2,0.0013654229
1953,precip,abrupt-4xCO2,0.0012166713
1954,precip,abrupt-4xCO2,0.001367262
1955,precip,abrupt-4xCO2,0.0013466184
1956,precip,abrupt-4xCO2,0.0013109322
1957,precip,abrupt-4xCO2,0.0012118344
1958,precip,abrupt-4xCO2,0.0013516599
1959,precip,abrupt-4xCO2,0.0013072559
1960,precip,abrupt-4xCO2,0.00121742
1961,precip,abrupt-4xCO2,0.001319151
1962,precip,abrupt-4xCO2,0.0013617536
1963,precip,abrupt-4xCO2,0.0012737707
1964,precip,abrupt-4xCO2,0.0012367801
1965,precip,abrupt-4xCO2,0.001330024
1966,precip,abrupt-4xCO2,0.0013454567
1967,precip,abrupt-4xCO2,0.0011461984
1968,precip,abrupt-4xCO2,0.0012070931
1969,precip,abrupt-4xCO2,0.001304388
1970,precip,abrupt-4xCO2,0.0014078359
1971,precip,abrupt-4xCO2,0.0012806148
1972,precip,abrupt-4xCO2,0.0012460408
1973,precip,abrupt-4xCO2,0.001477338
1974,precip,abrupt-4xCO2,0.0012806103
1975,precip,abrupt-4xCO2,0.0012660109
1976,precip,abrupt-4xCO2,0.001421005
1977,precip,abrupt-4xCO2,0.001296557
1978,precip,abrupt-4xCO2,0.0012300188
1979,precip,abrupt-4xCO2,0.0012201964
1980,precip,abrupt-4xCO2,0.0014074087
1981,precip,abrupt-4xCO2,0.0012107966
1982,precip,abrupt-4xCO2,0.001341581
1983,precip,abrupt-4xCO2,0.0013082925
1984,precip,abrupt-4xCO2,0.0013871164
1985,precip,abrupt-4xCO2,0.0013333444
1986,precip,abrupt-4xCO2,0.0012546437
1987,precip,abrupt-4xCO2,0.0012743338
1988,precip,abrupt-4xCO2,0.0014565886
1989,precip,abrupt-4xCO2,0.0013002334
1990,precip,abrupt-4xCO2,0.0012484124
1991,precip,abrupt-4xCO2,0.0013995667
1992,precip,abrupt-4xCO2,0.0013179744
1993,precip,abrupt-4xCO2,0.0012091685
1994,precip,abrupt-4xCO2,0.0012985977
1995,precip,abrupt-4xCO2,0.0014141292
1996,precip,abrupt-4xCO2,0.0013199854
1997,precip,abrupt-4xCO2,0.0012151187
1998,precip,abrupt-4xCO2,0.001266328
1999,precip,abrupt-4xCO2,0.0012943054
2000,precip,abrupt-4xCO2,0.0012520769
1850,drought,abrupt-4xCO2,0.5949728
1851,drought,abrupt-4xCO2,0.59291655
1852,drought,abrupt-4xCO2,0.59098566
1853,drought,abrupt-4xCO2,0.5913058
1854,drought,abrupt-4xCO2,0.5892505
1855,drought,abrupt-4xCO2,0.58957344
1856,drought,abrupt-4xCO2,0.59020436
1857,drought,abrupt-4xCO2,0.58965725
1858,drought,abrupt-4xCO2,0.5912056
1859,drought,abrupt-4xCO2,0.59006774
1860,drought,abrupt-4xCO2,0.5882439
1861,drought,abrupt-4xCO2,0.58928305
1862,drought,abrupt-4xCO2,0.58844656
1863,drought,abrupt-4xCO2,0.58761215
1864,drought,abrupt-4xCO2,0.58909786
1865,drought,abrupt-4xCO2,0.5883652
1866,drought,abrupt-4xCO2,0.58952624
1867,drought,abrupt-4xCO2,0.5877427
1868,drought,abrupt-4xCO2,0.5885929
1869,drought,abrupt-4xCO2,0.58746433
1870,drought,abrupt-4xCO2,0.5877344
1871,drought,abrupt-4xCO2,0.5880944
1872,drought,abrupt-4xCO2,0.5897875
1873,drought,abrupt-4xCO2,0.589406
1874,drought,abrupt-4xCO2,0.5861429
1875,drought,abrupt-4xCO2,0.5876361
1876,drought,abrupt-4xCO2,0.5884666
1877,drought,abrupt-4xCO2,0.5889246
1878,drought,abrupt-4xCO2,0.5910595
1879,drought,abrupt-4xCO2,0.5874087
1880,drought,abrupt-4xCO2,0.5880166
1881,drought,abrupt-4xCO2,0.5894231
1882,drought,abrupt-4xCO2,0.58737993
1883,drought,abrupt-4xCO2,0.58852816
1884,drought,abrupt-4xCO2,0.59041506
1885,drought,abrupt-4xCO2,0.5882769
1886,drought,abrupt-4xCO2,0.5901423
1887,drought,abrupt-4xCO2,0.5872244
1888,drought,abrupt-4xCO2,0.5878883
1889,drought,abrupt-4xCO2,0.5907316
1890,drought,abrupt-4xCO2,0.58520615
1891,drought,abrupt-4xCO2,0.5888014
1892,drought,abrupt-4xCO2,0.5891808
1893,drought,abrupt-4xCO2,0.5867386
1894,drought,abrupt-4xCO2,0.5896852
1895,drought,abrupt-4xCO2,0.58887327
1896,drought,abrupt-4xCO2,0.5894781
1897,drought,abrupt-4xCO2,0.5884992
1898,drought,abrupt-4xCO2,0.5893957
1899,drought,abrupt-4xCO2,0.5896214
1900,drought,abrupt-4xCO2,0.59033114
1901,drought,abrupt-4xCO2,0.5889076
1902,drought,abrupt-4xCO2,0.58757514
1903,drought,abrupt-4xCO2,0.5878716
1904,drought,abrupt-4xCO2,0.5878917
1905,drought,abrupt-4xCO2,0.5881805
1906,drought,abrupt-4xCO2,0.58852094
1907,drought,abrupt-4xCO2,0.58828527
1908,drought,abrupt-4xCO2,0.5898561
1909,drought,abrupt-4xCO2,0.5880784
1910,drought,abrupt-4xCO2,0.58956283
1911,drought,abrupt-4xCO2,0.58924776
1912,drought,abrupt-4xCO2,0.58746344
1913,drought,abrupt-4xCO2,0.5886989
1914,drought,abrupt-4xCO2,0.5905585
1915,drought,abrupt-4xCO2,0.58879465
1916,drought,abrupt-4xCO2,0.58954006
1917,drought,abrupt-4xCO2,0.58887005
1918,drought,abrupt-4xCO2,0.58937794
1919,drought,abrupt-4xCO2,0.58808625
1920,drought,abrupt-4xCO2,0.5895169
1921,drought,abrupt-4xCO2,0.58818245
1922,drought,abrupt-4xCO2,0.58932596
1923,drought,abrupt-4xCO2,0.589372
1924,drought,abrupt-4xCO2,0.5907777
1925,drought,abrupt-4xCO2,0.58766663
1926,drought,abrupt-4xCO2,0.58900243
1927,drought,abrupt-4xCO2,0.5893142
1928,drought,abrupt-4xCO2,0.58890605
1929,drought,abrupt-4xCO2,0.58904773
1930,drought,abrupt-4xCO2,0.5885779
1931,drought,abrupt-4xCO2,0.58799607
1932,drought,abrupt-4xCO2,0.5880959
1933,drought,abrupt-4xCO2,0.588768
1934,drought,abrupt-4xCO2,0.5899127
1935,drought,abrupt-4xCO2,0.5890783
1936,drought,abrupt-4xCO2,0.5890593
1937,drought,abrupt-4xCO2,0.5905373
1938,drought,abrupt-4xCO2,0.5903506
1939,drought,abrupt-4xCO2,0.5872332
1940,drought,abrupt-4xCO2,0.59015
1941,drought,abrupt-4xCO2,0.58809376
1942,drought,abrupt-4xCO2,0.5867439
1943,drought,abrupt-4xCO2,0.5890402
1944,drought,abrupt-4xCO2,0.5887054
1945,drought,abrupt-4xCO2,0.5892385
1946,drought,abrupt-4xCO2,0.5884386
1947,drought,abrupt-4xCO2,0.58746994
1948,drought,abrupt-4xCO2,0.5880578
1949,drought,abrupt-4xCO2,0.5889869
1950,drought,abrupt-4xCO2,0.58788157
1951,drought,abrupt-4xCO2,0.5878162
1952,drought,abrupt-4xCO2,0.5886545
1953,drought,abrupt-4xCO2,0.588647
1954,drought,abrupt-4xCO2,0.5866406
1955,drought,abrupt-4xCO2,0.589264
1956,drought,abrupt-4xCO2,0.5890816
1957,drought,abrupt-4xCO2,0.58922374
1958,drought,abrupt-4xCO2,0.58915716
1959,drought,abrupt-4xCO2,0.58742946
1960,drought,abrupt-4xCO2,0.58916456
1961,drought,abrupt-4xCO2,0.5868859
1962,drought,abrupt-4xCO2,0.58751684
1963,drought,abrupt-4xCO2,0.58830136
1964,drought,abrupt-4xCO2,0.5910334
1965,drought,abrupt-4xCO2,0.58893245
1966,drought,abrupt-4xCO2,0.58689964
1967,drought,abrupt-4xCO2,0.58673143
1968,drought,abrupt-4xCO2,0.5861898
1969,drought,abrupt-4xCO2,0.588863
1970,drought,abrupt-4xCO2,0.5874022
1971,drought,abrupt-4xCO2,0.5875382
1972,drought,abrupt-4xCO2,0.5885004
1973,drought,abrupt-4xCO2,0.5882914
1974,drought,abrupt-4xCO2,0.5873097
1975,drought,abrupt-4xCO2,0.5877873
1976,drought,abrupt-4xCO2,0.5855683
1977,drought,abrupt-4xCO2,0.585828
1978,drought,abrupt-4xCO2,0.58775765
1979,drought,abrupt-4xCO2,0.5858143
1980,drought,abrupt-4xCO2,0.5883886
1981,drought,abrupt-4xCO2,0.58664775
1982,drought,abrupt-4xCO2,0.5869271
1983,drought,abrupt-4xCO2,0.58828425
1984,drought,abrupt-4xCO2,0.5897122
1985,drought,abrupt-4xCO2,0.58760935
1986,drought,abrupt-4xCO2,0.58638746
1987,drought,abrupt-4xCO2,0.5878089
1988,drought,abrupt-4xCO2,0.5876166
1989,drought,abrupt-4xCO2,0.5865525
1990,drought,abrupt-4xCO2,0.5850833
1991,drought,abrupt-4xCO2,0.587093
1992,drought,abrupt-4xCO2,0.58683646
1993,drought,abrupt-4xCO2,0.588529
1994,drought,abrupt-4xCO2,0.5871473
1995,drought,abrupt-4xCO2,0.58552945
1996,drought,abrupt-4xCO2,0.5857192
1997,drought,abrupt-4xCO2,0.5872528
1998,drought,abrupt-4xCO2,0.5870721
1999,drought,abrupt-4xCO2,0.58820504
2000,drought,abrupt-4xCO2,0.5867102
1850,marine_hw,abrupt-4xCO2,0.021469405
1851,marine_hw,abrupt-4xCO2,0.038545787
1852,marine_hw,abrupt-4xCO2,0.043674786
1853,marine_hw,abrupt-4xCO2,0.042345513
1854,marine_hw,abrupt-4xCO2,0.039683957
1855,marine_hw,abrupt-4xCO2,0.042571593
1856,marine_hw,abrupt-4xCO2,0.05657944
1857,marine_hw,abrupt-4xCO2,0.057732515
1858,marine_hw,abrupt-4xCO2,0.05749638
1859,marine_hw,abrupt-4xCO2,0.061960515
1860,marine_hw,abrupt-4xCO2,0.058693223
1861,marine_hw,abrupt-4xCO2,0.051830392
1862,marine_hw,abrupt-4xCO2,0.05961057
1863,marine_hw,abrupt-4xCO2,0.067195274
1864,marine_hw,abrupt-4xCO2,0.06485804
1865,marine_hw,abrupt-4xCO2,0.066789664
1866,marine_hw,abrupt-4xCO2,0.06738956
1867,marine_hw,abrupt-4xCO2,0.058555286
1868,marine_hw,abrupt-4xCO2,0.066286854
1869,marine_hw,abrupt-4xCO2,0.06776984
1870,marine_hw,abrupt-4xCO2,0.057372432
1871,marine_hw,abrupt-4xCO2,0.06363552
1872,marine_hw,abrupt-4xCO2,0.067428015
1873,marine_hw,abrupt-4xCO2,0.063317046
1874,marine_hw,abrupt-4xCO2,0.07147649
1875,marine_hw,abrupt-4xCO2,0.072451934
1876,marine_hw,abrupt-4xCO2,0.060402334
1877,marine_hw,abrupt-4xCO2,0.06113852
1878,marine_hw,abrupt-4xCO2,0.06923806
1879,marine_hw,abrupt-4xCO2,0.064340375
1880,marine_hw,abrupt-4xCO2,0.06896351
1881,marine_hw,abrupt-4xCO2,0.068933
1882,marine_hw,abrupt-4xCO2,0.05946541
1883,marine_hw,abrupt-4xCO2,0.071335144
1884,marine_hw,abrupt-4xCO2,0.070778035
1885,marine_hw,abrupt-4xCO2,0.061166275
1886,marine_hw,abrupt-4xCO2,0.070321195
1887,marine_hw,abrupt-4xCO2,0.07550288
1888,marine_hw,abrupt-4xCO2,0.07107817
1889,marine_hw,abrupt-4xCO2,0.06327912
1890,marine_hw,abrupt-4xCO2,0.062325116
1891,marine_hw,abrupt-4xCO2,0.07200864
1892,marine_hw,abrupt-4xCO2,0.071828425
1893,marine_hw,abrupt-4xCO2,0.06181283
1894,marine_hw,abrupt-4xCO2,0.07117807
1895,marine_hw,abrupt-4xCO2,0.07268709
1896,marine_hw,abrupt-4xCO2,0.06328966
1897,marine_hw,abrupt-4xCO2,0.07456944
1898,marine_hw,abrupt-4xCO2,0.074969515
1899,marine_hw,abrupt-4xCO2,0.06771865
1900,marine_hw,abrupt-4xCO2,0.073465995
1901,marine_hw,abrupt-4xCO2,0.07732817
1902,marine_hw,abrupt-4xCO2,0.06801111
1903,marine_hw,abrupt-4xCO2,0.06456702
1904,marine_hw,abrupt-4xCO2,0.07558622
1905,marine_hw,abrupt-4xCO2,0.074179366
1906,marine_hw,abrupt-4xCO2,0.06811981
1907,marine_hw,abrupt-4xCO2,0.072622135
1908,marine_hw,abrupt-4xCO2,0.07291392
1909,marine_hw,abrupt-4xCO2,0.06945749
1910,marine_hw,abrupt-4xCO2,0.07624958
1911,marine_hw,abrupt-4xCO2,0.07011846
1912,marine_hw,abrupt-4xCO2,0.062256098
1913,marine_hw,abrupt-4xCO2,0.07354209
1914,marine_hw,abrupt-4xCO2,0.076654315
1915,marine_hw,abrupt-4xCO2,0.071804196
1916,marine_hw,abrupt-4xCO2,0.07632566
1917,marine_hw,abrupt-4xCO2,0.07647433
1918,marine_hw,abrupt-4xCO2,0.07005091
1919,marine_hw,abrupt-4xCO2,0.07415689
1920,marine_hw,abrupt-4xCO2,0.07837299
1921,marine_hw,abrupt-4xCO2,0.070020705
1922,marine_hw,abrupt-4xCO2,0.07422134
1923,marine_hw,abrupt-4xCO2,0.07448183
1924,marine_hw,abrupt-4xCO2,0.06564877
1925,marine_hw,abrupt-4xCO2,0.06927468
1926,marine_hw,abrupt-4xCO2,0.075310916
1927,marine_hw,abrupt-4xCO2,0.067719504
1928,marine_hw,abrupt-4xCO2,0.073105074
1929,marine_hw,abrupt-4xCO2,0.07557828
1930,marine_hw,abrupt-4xCO2,0.07097344
1931,marine_hw,abrupt-4xCO2,0.07744295
1932,marine_hw,abrupt-4xCO2,0.07217651
1933,marine_hw,abrupt-4xCO2,0.0732242
1934,marine_hw,abrupt-4xCO2,0.068301655
1935,marine_hw,abrupt-4xCO2,0.0770807
1936,marine_hw,abrupt-4xCO2,0.07835297
1937,marine_hw,abrupt-4xCO2,0.0710792
1938,marine_hw,abrupt-4xCO2,0.067145005
1939,marine_hw,abrupt-4xCO2,0.076291405
1940,marine_hw,abrupt-4xCO2,0.06927495
1941,marine_hw,abrupt-4xCO2,0.07561712
1942,marine_hw,abrupt-4xCO2,0.07691361
1943,marine_hw,abrupt-4xCO2,0.076210745
1944,marine_hw,abrupt-4xCO2,0.068544015
1945,marine_hw,abrupt-4xCO2,0.07758325
1946,marine_hw,abrupt-4xCO2,0.07653899
1947,marine_hw,abrupt-4xCO2,0.07356296
1948,marine_hw,abrupt-4xCO2,0.07931236
1949,marine_hw,abrupt-4xCO2,0.06843309
1950,marine_hw,abrupt-4xCO2,0.06308093
1951,marine_hw,abrupt-4xCO2,0.077225514
1952,marine_hw,abrupt-4xCO2,0.07615094
1953,marine_hw,abrupt-4xCO2,0.073694445
1954,marine_hw,abrupt-4xCO2,0.07844722
1955,marine_hw,abrupt-4xCO2,0.07410262
1956,marine_hw,abrupt-4xCO2,0.07551196
1957,marine_hw,abrupt-4xCO2,0.07231743
1958,marine_hw,abrupt-4xCO2,0.07484041
1959,marine_hw,abrupt-4xCO2,0.0783725
1960,marine_hw,abrupt-4xCO2,0.070061184
1961,marine_hw,abrupt-4xCO2,0.07671413
1962,marine_hw,abrupt-4xCO2,0.07830936
1963,marine_hw,abrupt-4xCO2,0.07862301
1964,marine_hw,abrupt-4xCO2,0.07320527
1965,marine_hw,abrupt-4xCO2,0.07710786
1966,marine_hw,abrupt-4xCO2,0.07901298
1967,marine_hw,abrupt-4xCO2,0.06736207
1968,marine_hw,abrupt-4xCO2,0.07060443
1969,marine_hw,abrupt-4xCO2,0.08156052
1970,marine_hw,abrupt-4xCO2,0.08322978
1971,marine_hw,abrupt-4xCO2,0.07144735
1972,marine_hw,abrupt-4xCO2,0.07168679
1973,marine_hw,abrupt-4xCO2,0.08210615
1974,marine_hw,abrupt-4xCO2,0.07570141
1975,marine_hw,abrupt-4xCO2,0.06983597
1976,marine_hw,abrupt-4xCO2,0.08145114
1977,marine_hw,abrupt-4xCO2,0.08123776
1978,marine_hw,abrupt-4xCO2,0.07032891
1979,marine_hw,abrupt-4xCO2,0.069156356
1980,marine_hw,abrupt-4xCO2,0.08048159
1981,marine_hw,abrupt-4xCO2,0.0763861
1982,marine_hw,abrupt-4xCO2,0.08022513
1983,marine_hw,abrupt-4xCO2,0.08286014
1984,marine_hw,abrupt-4xCO2,0.0809083
1985,marine_hw,abrupt-4xCO2,0.0762409
1986,marine_hw,abrupt-4xCO2,0.07094833
1987,marine_hw,abrupt-4xCO2,0.07407494
1988,marine_hw,abrupt-4xCO2,0.08147356
1989,marine_hw,abrupt-4xCO2,0.08083012
1990,marine_hw,abrupt-4xCO2,0.075114116
1991,marine_hw,abrupt-4xCO2,0.081516564
1992,marine_hw,abrupt-4xCO2,0.080238126
1993,marine_hw,abrupt-4xCO2,0.07310396
1994,marine_hw,abrupt-4xCO2,0.077039644
1995,marine_hw,abrupt-4xCO2,0.08379988
1996,marine_hw,abrupt-4xCO2,0.084481776
1997,marine_hw,abrupt-4xCO2,0.07573782
1998,marine_hw,abrupt-4xCO2,0.07969337
1999,marine_hw,abrupt-4xCO2,0.07906993
2000,marine_hw,abrupt-4xCO2,0.075935796
1850,cyclone,abrupt-4xCO2,0.12631145
1851,cyclone,abrupt-4xCO2,0.1457317
1852,cyclone,abrupt-4xCO2,0.15485814
1853,cyclone,abrupt-4xCO2,0.15122978
1854,cyclone,abrupt-4xCO2,0.15526277
1855,cyclone,abrupt-4xCO2,0.15061016
1856,cyclone,abrupt-4xCO2,0.16136472
1857,cyclone,abrupt-4xCO2,0.15885682
1858,cyclone,abrupt-4xCO2,0.15890856
1859,cyclone,abrupt-4xCO2,0.16124944
1860,cyclone,abrupt-4xCO2,0.17292961
1861,cyclone,abrupt-4xCO2,0.16188474
1862,cyclone,abrupt-4xCO2,0.16903812
1863,cyclone,abrupt-4xCO2,0.17285138
1864,cyclone,abrupt-4xCO2,0.17044742
1865,cyclone,abrupt-4xCO2,0.17648917
1866,cyclone,abrupt-4xCO2,0.17416173
1867,cyclone,abrupt-4xCO2,0.17000589
1868,cyclone,abrupt-4xCO2,0.17062601
1869,cyclone,abrupt-4xCO2,0.1727199
1870,cyclone,abrupt-4xCO2,0.16676752
1871,cyclone,abrupt-4xCO2,0.1668764
1872,cyclone,abrupt-4xCO2,0.1745886
1873,cyclone,abrupt-4xCO2,0.16825478
1874,cyclone,abrupt-4xCO2,0.1777237
1875,cyclone,abrupt-4xCO2,0.17790744
1876,cyclone,abrupt-4xCO2,0.17486636
1877,cyclone,abrupt-4xCO2,0.16818118
1878,cyclone,abrupt-4xCO2,0.17270432
1879,cyclone,abrupt-4xCO2,0.17612444
1880,cyclone,abrupt-4xCO2,0.17148587
1881,cyclone,abrupt-4xCO2,0.1761892
1882,cyclone,abrupt-4xCO2,0.17139857
1883,cyclone,abrupt-4xCO2,0.17460419
1884,cyclone,abrupt-4xCO2,0.17443365
1885,cyclone,abrupt-4xCO2,0.17611705
1886,cyclone,abrupt-4xCO2,0.16924167
1887,cyclone,abrupt-4xCO2,0.18192632
1888,cyclone,abrupt-4xCO2,0.17700435
1889,cyclone,abrupt-4xCO2,0.16885899
1890,cyclone,abrupt-4xCO2,0.17063928
1891,cyclone,abrupt-4xCO2,0.1742473
1892,cyclone,abrupt-4xCO2,0.17700793
1893,cyclone,abrupt-4xCO2,0.17433593
1894,cyclone,abrupt-4xCO2,0.1782651
1895,cyclone,abrupt-4xCO2,0.18034434
1896,cyclone,abrupt-4xCO2,0.17008293
1897,cyclone,abrupt-4xCO2,0.18464957
1898,cyclone,abrupt-4xCO2,0.18210147
1899,cyclone,abrupt-4xCO2,0.17266783
1900,cyclone,abrupt-4xCO2,0.17784907
1901,cyclone,abrupt-4xCO2,0.1811614
1902,cyclone,abrupt-4xCO2,0.17832926
1903,cyclone,abrupt-4xCO2,0.16886152
1904,cyclone,abrupt-4xCO2,0.1822442
1905,cyclone,abrupt-4xCO2,0.18459818
1906,cyclone,abrupt-4xCO2,0.18190584
1907,cyclone,abrupt-4xCO2,0.18103872
1908,cyclone,abrupt-4xCO2,0.18434383
1909,cyclone,abrupt-4xCO2,0.1775477
1910,cyclone,abrupt-4xCO2,0.17742902
1911,cyclone,abrupt-4xCO2,0.17408998
1912,cyclone,abrupt-4xCO2,0.17389166
1913,cyclone,abrupt-4xCO2,0.1758
1914,cyclone,abrupt-4xCO2,0.17966284
1915,cyclone,abrupt-4xCO2,0.17666578
1916,cyclone,abrupt-4xCO2,0.18116517
1917,cyclone,abrupt-4xCO2,0.17670715
1918,cyclone,abrupt-4xCO2,0.18011445
1919,cyclone,abrupt-4xCO2,0.17639978
1920,cyclone,abrupt-4xCO2,0.17832555
1921,cyclone,abrupt-4xCO2,0.17660078
1922,cyclone,abrupt-4xCO2,0.17882861
1923,cyclone,abrupt-4xCO2,0.17766292
1924,cyclone,abrupt-4xCO2,0.17001112
1925,cyclone,abrupt-4xCO2,0.18137349
1926,cyclone,abrupt-4xCO2,0.18134469
1927,cyclone,abrupt-4xCO2,0.18264367
1928,cyclone,abrupt-4xCO2,0.17782131
1929,cyclone,abrupt-4xCO2,0.18231961
1930,cyclone,abrupt-4xCO2,0.17473122
1931,cyclone,abrupt-4xCO2,0.18156546
1932,cyclone,abrupt-4xCO2,0.17771213
1933,cyclone,abrupt-4xCO2,0.17560384
1934,cyclone,abrupt-4xCO2,0.18225917
1935,cyclone,abrupt-4xCO2,0.18233705
1936,cyclone,abrupt-4xCO2,0.18205339
1937,cyclone,abrupt-4xCO2,0.17526415
1938,cyclone,abrupt-4xCO2,0.17400183
1939,cyclone,abrupt-4xCO2,0.17768154
1940,cyclone,abrupt-4xCO2,0.1699072
1941,cyclone,abrupt-4xCO2,0.17603211
1942,cyclone,abrupt-4xCO2,0.18307035
1943,cyclone,abrupt-4xCO2,0.18408616
1944,cyclone,abrupt-4xCO2,0.17750311
1945,cyclone,abrupt-4xCO2,0.18275802
1946,cyclone,abrupt-4xCO2,0.17929332
1947,cyclone,abrupt-4xCO2,0.17579849
1948,cyclone,abrupt-4xCO2,0.181676
1949,cyclone,abrupt-4xCO2,0.17700435
1950,cyclone,abrupt-4xCO2,0.17511557
1951,cyclone,abrupt-4xCO2,0.18494058
1952,cyclone,abrupt-4xCO2,0.18483281
1953,cyclone,abrupt-4xCO2,0.17303741
1954,cyclone,abrupt-4xCO2,0.1878115
1955,cyclone,abrupt-4xCO2,0.17754054
1956,cyclone,abrupt-4xCO2,0.18045262
1957,cyclone,abrupt-4xCO2,0.17497768
1958,cyclone,abrupt-4xCO2,0.18245973
1959,cyclone,abrupt-4xCO2,0.1779634
1960,cyclone,abrupt-4xCO2,0.1761404
1961,cyclone,abrupt-4xCO2,0.17925194
1962,cyclone,abrupt-4xCO2,0.18030454
1963,cyclone,abrupt-4xCO2,0.18185437
1964,cyclone,abrupt-4xCO2,0.17614125
1965,cyclone,abrupt-4xCO2,0.18197387
1966,cyclone,abrupt-4xCO2,0.18303785
1967,cyclone,abrupt-4xCO2,0.17668344
1968,cyclone,abrupt-4xCO2,0.17636418
1969,cyclone,abrupt-4xCO2,0.18120071
1970,cyclone,abrupt-4xCO2,0.19319308
1971,cyclone,abrupt-4xCO2,0.18029039
1972,cyclone,abrupt-4xCO2,0.17728391
1973,cyclone,abrupt-4xCO2,0.18392187
1974,cyclone,abrupt-4xCO2,0.18298587
1975,cyclone,abrupt-4xCO2,0.17414531
1976,cyclone,abrupt-4xCO2,0.17737964
1977,cyclone,abrupt-4xCO2,0.18904988
1978,cyclone,abrupt-4xCO2,0.17948389
1979,cyclone,abrupt-4xCO2,0.17568457
1980,cyclone,abrupt-4xCO2,0.18724729
1981,cyclone,abrupt-4xCO2,0.18094818
1982,cyclone,abrupt-4xCO2,0.18425447
1983,cyclone,abrupt-4xCO2,0.18469676
1984,cyclone,abrupt-4xCO2,0.18520568
1985,cyclone,abrupt-4xCO2,0.18384646
1986,cyclone,abrupt-4xCO2,0.17511673
1987,cyclone,abrupt-4xCO2,0.17718007
1988,cyclone,abrupt-4xCO2,0.18582137
1989,cyclone,abrupt-4xCO2,0.1882923
1990,cyclone,abrupt-4xCO2,0.18989247
1991,cyclone,abrupt-4xCO2,0.18654862
1992,cyclone,abrupt-4xCO2,0.1899013
1993,cyclone,abrupt-4xCO2,0.17811458
1994,cyclone,abrupt-4xCO2,0.18556578
1995,cyclone,abrupt-4xCO2,0.18823299
1996,cyclone,abrupt-4xCO2,0.18925768
1997,cyclone,abrupt-4xCO2,0.18436113
1998,cyclone,abrupt-4xCO2,0.17975754
1999,cyclone,abrupt-4xCO2,0.18178976
2000,cyclone,abrupt-4xCO2,0.18042779
1850,wildfire,abrupt-4xCO2,0.19473761
1851,wildfire,abrupt-4xCO2,0.19552061
1852,wildfire,abrupt-4xCO2,0.1960005
1853,wildfire,abrupt-4xCO2,0.1966324
1854,wildfire,abrupt-4xCO2,0.19628794
1855,wildfire,abrupt-4xCO2,0.1948206
1856,wildfire,abrupt-4xCO2,0.19599572
1857,wildfire,abrupt-4xCO2,0.19499014
1858,wildfire,abrupt-4xCO2,0.19631073
1859,wildfire,abrupt-4xCO2,0.19533023
1860,wildfire,abrupt-4xCO2,0.19787988
1861,wildfire,abrupt-4xCO2,0.19701128
1862,wildfire,abrupt-4xCO2,0.19678818
1863,wildfire,abrupt-4xCO2,0.19434516
1864,wildfire,abrupt-4xCO2,0.19557555
1865,wildfire,abrupt-4xCO2,0.19736049
1866,wildfire,abrupt-4xCO2,0.19756673
1867,wildfire,abrupt-4xCO2,0.19610296
1868,wildfire,abrupt-4xCO2,0.19650349
1869,wildfire,abrupt-4xCO2,0.19598894
1870,wildfire,abrupt-4xCO2,0.19566989
1871,wildfire,abrupt-4xCO2,0.19504553
1872,wildfire,abrupt-4xCO2,0.1972985
1873,wildfire,abrupt-4xCO2,0.19649914
1874,wildfire,abrupt-4xCO2,0.19695567
1875,wildfire,abrupt-4xCO2,0.19735804
1876,wildfire,abrupt-4xCO2,0.19821033
1877,wildfire,abrupt-4xCO2,0.19679041
1878,wildfire,abrupt-4xCO2,0.19777079
1879,wildfire,abrupt-4xCO2,0.19697092
1880,wildfire,abrupt-4xCO2,0.19450402
1881,wildfire,abrupt-4xCO2,0.19714747
1882,wildfire,abrupt-4xCO2,0.19663873
1883,wildfire,abrupt-4xCO2,0.19598497
1884,wildfire,abrupt-4xCO2,0.19876826
1885,wildfire,abrupt-4xCO2,0.19828792
1886,wildfire,abrupt-4xCO2,0.19660038
1887,wildfire,abrupt-4xCO2,0.19678761
1888,wildfire,abrupt-4xCO2,0.19690761
1889,wildfire,abrupt-4xCO2,0.19777097
1890,wildfire,abrupt-4xCO2,0.19392265
1891,wildfire,abrupt-4xCO2,0.19654647
1892,wildfire,abrupt-4xCO2,0.19854724
1893,wildfire,abrupt-4xCO2,0.19638178
1894,wildfire,abrupt-4xCO2,0.19756731
1895,wildfire,abrupt-4xCO2,0.1976483
1896,wildfire,abrupt-4xCO2,0.19716522
1897,wildfire,abrupt-4xCO2,0.19803342
1898,wildfire,abrupt-4xCO2,0.19797367
1899,wildfire,abrupt-4xCO2,0.19883077
1900,wildfire,abrupt-4xCO2,0.19716717
1901,wildfire,abrupt-4xCO2,0.19801219
1902,wildfire,abrupt-4xCO2,0.19810182
1903,wildfire,abrupt-4xCO2,0.19573519
1904,wildfire,abrupt-4xCO2,0.19720873
1905,wildfire,abrupt-4xCO2,0.19777673
1906,wildfire,abrupt-4xCO2,0.19904129
1907,wildfire,abrupt-4xCO2,0.1975218
1908,wildfire,abrupt-4xCO2,0.19806837
1909,wildfire,abrupt-4xCO2,0.19760409
1910,wildfire,abrupt-4xCO2,0.19709174
1911,wildfire,abrupt-4xCO2,0.19712585
1912,wildfire,abrupt-4xCO2,0.19763692
1913,wildfire,abrupt-4xCO2,0.1963262
1914,wildfire,abrupt-4xCO2,0.1986191
1915,wildfire,abrupt-4xCO2,0.19754307
1916,wildfire,abrupt-4xCO2,0.19728132
1917,wildfire,abrupt-4xCO2,0.19729456
1918,wildfire,abrupt-4xCO2,0.19798394
1919,wildfire,abrupt-4xCO2,0.19649571
1920,wildfire,abrupt-4xCO2,0.19866088
1921,wildfire,abrupt-4xCO2,0.1980722
1922,wildfire,abrupt-4xCO2,0.19912583
1923,wildfire,abrupt-4xCO2,0.19737248
1924,wildfire,abrupt-4xCO2,0.19798072
1925,wildfire,abrupt-4xCO2,0.19695438
1926,wildfire,abrupt-4xCO2,0.19806391
1927,wildfire,abrupt-4xCO2,0.19950539
1928,wildfire,abrupt-4xCO2,0.19656777
1929,wildfire,abrupt-4xCO2,0.19748554
1930,wildfire,abrupt-4xCO2,0.19561787
1931,wildfire,abrupt-4xCO2,0.19740047
1932,wildfire,abrupt-4xCO2,0.19686705
1933,wildfire,abrupt-4xCO2,0.19637029
1934,wildfire,abrupt-4xCO2,0.19894493
1935,wildfire,abrupt-4xCO2,0.19685343
1936,wildfire,abrupt-4xCO2,0.19760455
1937,wildfire,abrupt-4xCO2,0.19841088
1938,wildfire,abrupt-4xCO2,0.19854857
1939,wildfire,abrupt-4xCO2,0.19613661
1940,wildfire,abrupt-4xCO2,0.19664472
1941,wildfire,abrupt-4xCO2,0.19709085
1942,wildfire,abrupt-4xCO2,0.19754913
1943,wildfire,abrupt-4xCO2,0.19869754
1944,wildfire,abrupt-4xCO2,0.1984303
1945,wildfire,abrupt-4xCO2,0.19731991
1946,wildfire,abrupt-4xCO2,0.19856313
1947,wildfire,abrupt-4xCO2,0.19713098
1948,wildfire,abrupt-4xCO2,0.19878457
1949,wildfire,abrupt-4xCO2,0.19743305
1950,wildfire,abrupt-4xCO2,0.19627857
1951,wildfire,abrupt-4xCO2,0.19820385
1952,wildfire,abrupt-4xCO2,0.19767696
1953,wildfire,abrupt-4xCO2,0.19571362
1954,wildfire,abrupt-4xCO2,0.19647688
1955,wildfire,abrupt-4xCO2,0.19775449
1956,wildfire,abrupt-4xCO2,0.19714363
1957,wildfire,abrupt-4xCO2,0.19709879
1958,wildfire,abrupt-4xCO2,0.19825213
1959,wildfire,abrupt-4xCO2,0.19633864
1960,wildfire,abrupt-4xCO2,0.19800389
1961,wildfire,abrupt-4xCO2,0.19588223
1962,wildfire,abrupt-4xCO2,0.19766928
1963,wildfire,abrupt-4xCO2,0.19767
1964,wildfire,abrupt-4xCO2,0.19862093
1965,wildfire,abrupt-4xCO2,0.19716607
1966,wildfire,abrupt-4xCO2,0.19667313
1967,wildfire,abrupt-4xCO2,0.1973817
1968,wildfire,abrupt-4xCO2,0.19529794
1969,wildfire,abrupt-4xCO2,0.19789688
1970,wildfire,abrupt-4xCO2,0.19772972
1971,wildfire,abrupt-4xCO2,0.19717136
1972,wildfire,abrupt-4xCO2,0.19684456
1973,wildfire,abrupt-4xCO2,0.19778723
1974,wildfire,abrupt-4xCO2,0.19781218
1975,wildfire,abrupt-4xCO2,0.19679652
1976,wildfire,abrupt-4xCO2,0.19377506
1977,wildfire,abrupt-4xCO2,0.19681035
1978,wildfire,abrupt-4xCO2,0.19824305
1979,wildfire,abrupt-4xCO2,0.195002
1980,wildfire,abrupt-4xCO2,0.19822843
1981,wildfire,abrupt-4xCO2,0.19759876
1982,wildfire,abrupt-4xCO2,0.19643003
1983,wildfire,abrupt-4xCO2,0.19693163
1984,wildfire,abrupt-4xCO2,0.19874045
1985,wildfire,abrupt-4xCO2,0.19786984
1986,wildfire,abrupt-4xCO2,0.1967431
1987,wildfire,abrupt-4xCO2,0.1971475
1988,wildfire,abrupt-4xCO2,0.19717321
1989,wildfire,abrupt-4xCO2,0.19708523
1990,wildfire,abrupt-4xCO2,0.19702001
1991,wildfire,abrupt-4xCO2,0.19742931
1992,wildfire,abrupt-4xCO2,0.19829144
1993,wildfire,abrupt-4xCO2,0.19755335
1994,wildfire,abrupt-4xCO2,0.1981158
1995,wildfire,abrupt-4xCO2,0.19747832
1996,wildfire,abrupt-4xCO2,0.19762947
1997,wildfire,abrupt-4xCO2,0.19802877
1998,wildfire,abrupt-4xCO2,0.19592911
1999,wildfire,abrupt-4xCO2,0.19832225
2000,wildfire,abrupt-4xCO2,0.19694485
1850,snow,abrupt-4xCO2,0.015036298
1851,snow,abrupt-4xCO2,0.015174858
1852,snow,abrupt-4xCO2,0.0154184075
1853,snow,abrupt-4xCO2,0.015078394
1854,snow,abrupt-4xCO2,0.015607456
1855,snow,abrupt-4xCO2,0.015021818
1856,snow,abrupt-4xCO2,0.014473327
1857,snow,abrupt-4xCO2,0.014389715
1858,snow,abrupt-4xCO2,0.01417014
1859,snow,abrupt-4xCO2,0.013951351
1860,snow,abrupt-4xCO2,0.015006267
1861,snow,abrupt-4xCO2,0.014657819
1862,snow,abrupt-4xCO2,0.014538948
1863,snow,abrupt-4xCO2,0.014637439
1864,snow,abrupt-4xCO2,0.014146988
1865,snow,abrupt-4xCO2,0.014595166
1866,snow,abrupt-4xCO2,0.014867553
1867,snow,abrupt-4xCO2,0.0147368675
1868,snow,abrupt-4xCO2,0.014699084
1869,snow,abrupt-4xCO2,0.014843819
1870,snow,abrupt-4xCO2,0.014633909
1871,snow,abrupt-4xCO2,0.014674037
1872,snow,abrupt-4xCO2,0.014465335
1873,snow,abrupt-4xCO2,0.014612245
1874,snow,abrupt-4xCO2,0.0147424
1875,snow,abrupt-4xCO2,0.015029038
1876,snow,abrupt-4xCO2,0.014894947
1877,snow,abrupt-4xCO2,0.014616081
1878,snow,abrupt-4xCO2,0.014062147
1879,snow,abrupt-4xCO2,0.015340864
1880,snow,abrupt-4xCO2,0.014022445
1881,snow,abrupt-4xCO2,0.014515858
1882,snow,abrupt-4xCO2,0.015179358
1883,snow,abrupt-4xCO2,0.014376665
1884,snow,abrupt-4xCO2,0.014359721
1885,snow,abrupt-4xCO2,0.015537012
1886,snow,abrupt-4xCO2,0.014650656
1887,snow,abrupt-4xCO2,0.014702729
1888,snow,abrupt-4xCO2,0.015171661
1889,snow,abrupt-4xCO2,0.014446112
1890,snow,abrupt-4xCO2,0.0150027145
1891,snow,abrupt-4xCO2,0.014390853
1892,snow,abrupt-4xCO2,0.014722393
1893,snow,abrupt-4xCO2,0.015465251
1894,snow,abrupt-4xCO2,0.014626446
1895,snow,abrupt-4xCO2,0.014653453
1896,snow,abrupt-4xCO2,0.01445847
1897,snow,abrupt-4xCO2,0.014693758
1898,snow,abrupt-4xCO2,0.014879208
1899,snow,abrupt-4xCO2,0.014725064
1900,snow,abrupt-4xCO2,0.014720766
1901,snow,abrupt-4xCO2,0.015021601
1902,snow,abrupt-4xCO2,0.01547297
1903,snow,abrupt-4xCO2,0.015037387
1904,snow,abrupt-4xCO2,0.01498876
1905,snow,abrupt-4xCO2,0.014827768
1906,snow,abrupt-4xCO2,0.015235942
1907,snow,abrupt-4xCO2,0.015302689
1908,snow,abrupt-4xCO2,0.015111945
1909,snow,abrupt-4xCO2,0.015040345
1910,snow,abrupt-4xCO2,0.014796908
1911,snow,abrupt-4xCO2,0.014518943
1912,snow,abrupt-4xCO2,0.015416198
1913,snow,abrupt-4xCO2,0.014988152
1914,snow,abrupt-4xCO2,0.014440599
1915,snow,abrupt-4xCO2,0.014785369
1916,snow,abrupt-4xCO2,0.014634953
1917,snow,abrupt-4xCO2,0.014390468
1918,snow,abrupt-4xCO2,0.014754675
1919,snow,abrupt-4xCO2,0.015335587
1920,snow,abrupt-4xCO2,0.014585976
1921,snow,abrupt-4xCO2,0.0150930425
1922,snow,abrupt-4xCO2,0.015063505
1923,snow,abrupt-4xCO2,0.014788239
1924,snow,abrupt-4xCO2,0.014692517
1925,snow,abrupt-4xCO2,0.015355737
1926,snow,abrupt-4xCO2,0.014845838
1927,snow,abrupt-4xCO2,0.015342435
1928,snow,abrupt-4xCO2,0.014858711
1929,snow,abrupt-4xCO2,0.014963653
1930,snow,abrupt-4xCO2,0.015025991
1931,snow,abrupt-4xCO2,0.01446853
1932,snow,abrupt-4xCO2,0.014481581
1933,snow,abrupt-4xCO2,0.014751609
1934,snow,abrupt-4xCO2,0.015025455
1935,snow,abrupt-4xCO2,0.014816432
1936,snow,abrupt-4xCO2,0.014977182
1937,snow,abrupt-4xCO2,0.014723168
1938,snow,abrupt-4xCO2,0.015157431
1939,snow,abrupt-4xCO2,0.01500629
1940,snow,abrupt-4xCO2,0.014165394
1941,snow,abrupt-4xCO2,0.01479817
1942,snow,abrupt-4xCO2,0.014929802
1943,snow,abrupt-4xCO2,0.014769493
1944,snow,abrupt-4xCO2,0.014957908
1945,snow,abrupt-4xCO2,0.014446316
1946,snow,abrupt-4xCO2,0.014747594
1947,snow,abrupt-4xCO2,0.014776706
1948,snow,abrupt-4xCO2,0.014645168
1949,snow,abrupt-4xCO2,0.014392894
1950,snow,abrupt-4xCO2,0.014920159
1951,snow,abrupt-4xCO2,0.0152224675
1952,snow,abrupt-4xCO2,0.014706972
1953,snow,abrupt-4xCO2,0.014177188
1954,snow,abrupt-4xCO2,0.0149586685
1955,snow,abrupt-4xCO2,0.014574239
1956,snow,abrupt-4xCO2,0.014259126
1957,snow,abrupt-4xCO2,0.014778479
1958,snow,abrupt-4xCO2,0.014817704
1959,snow,abrupt-4xCO2,0.014759582
1960,snow,abrupt-4xCO2,0.014201578
1961,snow,abrupt-4xCO2,0.0145811215
1962,snow,abrupt-4xCO2,0.014456152
1963,snow,abrupt-4xCO2,0.014525707
1964,snow,abrupt-4xCO2,0.014506144
1965,snow,abrupt-4xCO2,0.014369578
1966,snow,abrupt-4xCO2,0.014756893
1967,snow,abrupt-4xCO2,0.014735994
1968,snow,abrupt-4xCO2,0.014769897
1969,snow,abrupt-4xCO2,0.01377104
1970,snow,abrupt-4xCO2,0.015196737
1971,snow,abrupt-4xCO2,0.014719527
1972,snow,abrupt-4xCO2,0.014623161
1973,snow,abrupt-4xCO2,0.014179078
1974,snow,abrupt-4xCO2,0.014530048
1975,snow,abrupt-4xCO2,0.014328818
1976,snow,abrupt-4xCO2,0.014616295
1977,snow,abrupt-4xCO2,0.014563106
1978,snow,abrupt-4xCO2,0.014728287
1979,snow,abrupt-4xCO2,0.014889899
1980,snow,abrupt-4xCO2,0.013943954
1981,snow,abrupt-4xCO2,0.014633431
1982,snow,abrupt-4xCO2,0.014171358
1983,snow,abrupt-4xCO2,0.014266603
1984,snow,abrupt-4xCO2,0.014074811
1985,snow,abrupt-4xCO2,0.014668865
1986,snow,abrupt-4xCO2,0.0146907475
1987,snow,abrupt-4xCO2,0.014629006
1988,snow,abrupt-4xCO2,0.014632413
1989,snow,abrupt-4xCO2,0.014239205
1990,snow,abrupt-4xCO2,0.014970842
1991,snow,abrupt-4xCO2,0.014654132
1992,snow,abrupt-4xCO2,0.014443733
1993,snow,abrupt-4xCO2,0.014526603
1994,snow,abrupt-4xCO2,0.0148777515
1995,snow,abrupt-4xCO2,0.014413494
1996,snow,abrupt-4xCO2,0.0141061125
1997,snow,abrupt-4xCO2,0.014622614
1998,snow,abrupt-4xCO2,0.014191836
1999,snow,abrupt-4xCO2,0.014321692
2000,snow,abrupt-4xCO2,0.014529274
1850,sea_level,abrupt-4xCO2,0.5053168
1851,sea_level,abrupt-4xCO2,0.51196605
1852,sea_level,abrupt-4xCO2,0.5189871
1853,sea_level,abrupt-4xCO2,0.5223094
1854,sea_level,abrupt-4xCO2,0.5245471
1855,sea_level,abrupt-4xCO2,0.52617157
1856,sea_level,abrupt-4xCO2,0.52693176
1857,sea_level,abrupt-4xCO2,0.52874494
1858,sea_level,abrupt-4xCO2,0.5275361
1859,sea_level,abrupt-4xCO2,0.5299268
1860,sea_level,abrupt-4xCO2,0.53292173
1861,sea_level,abrupt-4xCO2,0.53202224
1862,sea_level,abrupt-4xCO2,0.5337284
1863,sea_level,abrupt-4xCO2,0.5331099
1864,sea_level,abrupt-4xCO2,0.53346556
1865,sea_level,abrupt-4xCO2,0.5337093
1866,sea_level,abrupt-4xCO2,0.53458935
1867,sea_level,abrupt-4xCO2,0.5367887
1868,sea_level,abrupt-4xCO2,0.53543794
1869,sea_level,abrupt-4xCO2,0.5362224
1870,sea_level,abrupt-4xCO2,0.53751445
1871,sea_level,abrupt-4xCO2,0.5351491
1872,sea_level,abrupt-4xCO2,0.5367543
1873,sea_level,abrupt-4xCO2,0.53831077
1874,sea_level,abrupt-4xCO2,0.5391885
1875,sea_level,abrupt-4xCO2,0.53756666
1876,sea_level,abrupt-4xCO2,0.5390741
1877,sea_level,abrupt-4xCO2,0.5383657
1878,sea_level,abrupt-4xCO2,0.5393748
1879,sea_level,abrupt-4xCO2,0.54016674
1880,sea_level,abrupt-4xCO2,0.5408795
1881,sea_level,abrupt-4xCO2,0.5385497
1882,sea_level,abrupt-4xCO2,0.5410417
1883,sea_level,abrupt-4xCO2,0.5414709
1884,sea_level,abrupt-4xCO2,0.53969616
1885,sea_level,abrupt-4xCO2,0.54163504
1886,sea_level,abrupt-4xCO2,0.5414014
1887,sea_level,abrupt-4xCO2,0.542138
1888,sea_level,abrupt-4xCO2,0.54284775
1889,sea_level,abrupt-4xCO2,0.54195726
1890,sea_level,abrupt-4xCO2,0.54342055
1891,sea_level,abrupt-4xCO2,0.54206496
1892,sea_level,abrupt-4xCO2,0.54349256
1893,sea_level,abrupt-4xCO2,0.54272544
1894,sea_level,abrupt-4xCO2,0.5439197
1895,sea_level,abrupt-4xCO2,0.5447119
1896,sea_level,abrupt-4xCO2,0.54512674
1897,sea_level,abrupt-4xCO2,0.5460914
1898,sea_level,abrupt-4xCO2,0.5453154
1899,sea_level,abrupt-4xCO2,0.54691213
1900,sea_level,abrupt-4xCO2,0.54501975
1901,sea_level,abrupt-4xCO2,0.54689
1902,sea_level,abrupt-4xCO2,0.54828805
1903,sea_level,abrupt-4xCO2,0.547597
1904,sea_level,abrupt-4xCO2,0.5469685
1905,sea_level,abrupt-4xCO2,0.5485142
1906,sea_level,abrupt-4xCO2,0.54849875
1907,sea_level,abrupt-4xCO2,0.54953736
1908,sea_level,abrupt-4xCO2,0.5486098
1909,sea_level,abrupt-4xCO2,0.54828316
1910,sea_level,abrupt-4xCO2,0.5480636
1911,sea_level,abrupt-4xCO2,0.54808736
1912,sea_level,abrupt-4xCO2,0.54990363
1913,sea_level,abrupt-4xCO2,0.55064434
1914,sea_level,abrupt-4xCO2,0.54850334
1915,sea_level,abrupt-4xCO2,0.5501182
1916,sea_level,abrupt-4xCO2,0.5491142
1917,sea_level,abrupt-4xCO2,0.5510473
1918,sea_level,abrupt-4xCO2,0.55256116
1919,sea_level,abrupt-4xCO2,0.55138993
1920,sea_level,abrupt-4xCO2,0.55234814
1921,sea_level,abrupt-4xCO2,0.55304897
1922,sea_level,abrupt-4xCO2,0.55444115
1923,sea_level,abrupt-4xCO2,0.55188304
1924,sea_level,abrupt-4xCO2,0.55305964
1925,sea_level,abrupt-4xCO2,0.55365366
1926,sea_level,abrupt-4xCO2,0.55200386
1927,sea_level,abrupt-4xCO2,0.5545593
1928,sea_level,abrupt-4xCO2,0.5541371
1929,sea_level,abrupt-4xCO2,0.553433
1930,sea_level,abrupt-4xCO2,0.55301505
1931,sea_level,abrupt-4xCO2,0.55482835
1932,sea_level,abrupt-4xCO2,0.55575746
1933,sea_level,abrupt-4xCO2,0.5558316
1934,sea_level,abrupt-4xCO2,0.55652255
1935,sea_level,abrupt-4xCO2,0.5555702
1936,sea_level,abrupt-4xCO2,0.5559132
1937,sea_level,abrupt-4xCO2,0.5567112
1938,sea_level,abrupt-4xCO2,0.5568675
1939,sea_level,abrupt-4xCO2,0.55757403
1940,sea_level,abrupt-4xCO2,0.55843973
1941,sea_level,abrupt-4xCO2,0.55813736
1942,sea_level,abrupt-4xCO2,0.56082493
1943,sea_level,abrupt-4xCO2,0.5604983
1944,sea_level,abrupt-4xCO2,0.56133
1945,sea_level,abrupt-4xCO2,0.56101644
1946,sea_level,abrupt-4xCO2,0.561056
1947,sea_level,abrupt-4xCO2,0.56201917
1948,sea_level,abrupt-4xCO2,0.56414235
1949,sea_level,abrupt-4xCO2,0.5601845
1950,sea_level,abrupt-4xCO2,0.5617635
1951,sea_level,abrupt-4xCO2,0.56206715
1952,sea_level,abrupt-4xCO2,0.5622523
1953,sea_level,abrupt-4xCO2,0.5623106
1954,sea_level,abrupt-4xCO2,0.56220084
1955,sea_level,abrupt-4xCO2,0.56349975
1956,sea_level,abrupt-4xCO2,0.5632745
1957,sea_level,abrupt-4xCO2,0.56369025
1958,sea_level,abrupt-4xCO2,0.5657705
1959,sea_level,abrupt-4xCO2,0.56424767
1960,sea_level,abrupt-4xCO2,0.56638026
1961,sea_level,abrupt-4xCO2,0.5660915
1962,sea_level,abrupt-4xCO2,0.5664482
1963,sea_level,abrupt-4xCO2,0.5637235
1964,sea_level,abrupt-4xCO2,0.56432253
1965,sea_level,abrupt-4xCO2,0.56741947
1966,sea_level,abrupt-4xCO2,0.56643826
1967,sea_level,abrupt-4xCO2,0.5680518
1968,sea_level,abrupt-4xCO2,0.5673582
1969,sea_level,abrupt-4xCO2,0.56847966
1970,sea_level,abrupt-4xCO2,0.5672599
1971,sea_level,abrupt-4xCO2,0.5687482
1972,sea_level,abrupt-4xCO2,0.5689191
1973,sea_level,abrupt-4xCO2,0.570162
1974,sea_level,abrupt-4xCO2,0.5702734
1975,sea_level,abrupt-4xCO2,0.5715229
1976,sea_level,abrupt-4xCO2,0.5695836
1977,sea_level,abrupt-4xCO2,0.57028764
1978,sea_level,abrupt-4xCO2,0.5706241
1979,sea_level,abrupt-4xCO2,0.5704539
1980,sea_level,abrupt-4xCO2,0.5718165
1981,sea_level,abrupt-4xCO2,0.5703485
1982,sea_level,abrupt-4xCO2,0.5723517
1983,sea_level,abrupt-4xCO2,0.5698098
1984,sea_level,abrupt-4xCO2,0.57132745
1985,sea_level,abrupt-4xCO2,0.5723025
1986,sea_level,abrupt-4xCO2,0.573266
1987,sea_level,abrupt-4xCO2,0.5733637
1988,sea_level,abrupt-4xCO2,0.5729093
1989,sea_level,abrupt-4xCO2,0.5745149
1990,sea_level,abrupt-4xCO2,0.5743622
1991,sea_level,abrupt-4xCO2,0.5739565
1992,sea_level,abrupt-4xCO2,0.5754127
1993,sea_level,abrupt-4xCO2,0.57324594
1994,sea_level,abrupt-4xCO2,0.57400715
1995,sea_level,abrupt-4xCO2,0.575202
1996,sea_level,abrupt-4xCO2,0.575892
1997,sea_level,abrupt-4xCO2,0.576232
1998,sea_level,abrupt-4xCO2,0.5757355
1999,sea_level,abrupt-4xCO2,0.5755212
2000,sea_level,abrupt-4xCO2,0.57681406
